count_date,rows,negative_rows
2014-01-01,6778176,141534
2014-01-02,6778368,136507
2014-01-03,6776448,134409
2014-01-04,6783456,137540
2014-01-05,6814176,144873
2014-01-06,6782400,135335
2014-01-07,6781920,133477
2014-01-08,6781920,135011
2014-01-09,6779328,139403
2014-01-10,6781824,138423
2014-01-11,6779328,135933
2014-01-12,6820800,134399
2014-01-13,6778176,138139
2014-01-14,6782784,157687
2014-01-15,6783456,166328
2014-01-16,6782016,177998
2014-01-17,6784512,168358
2014-01-18,6783168,155471
2014-01-19,6813792,150276
2014-01-20,6778944,156151
2014-01-21,6784704,155913
2014-01-22,6788736,154787
2014-01-23,6788640,158948
2014-01-24,6792192,159616
2014-01-25,6784800,158867
2014-01-26,6819936,160770
2014-01-27,6784224,165654
2014-01-28,6784704,161138
2014-01-29,6785280,171309
2014-01-30,6788832,156607
2014-01-31,6783936,151973
2014-02-01,6786720,154484
2014-02-02,6823008,159966
2014-02-03,6789024,163619
2014-02-04,6789984,167363
2014-02-05,6791808,172142
2014-02-06,6785856,174979
2014-02-07,6788544,171014
2014-02-08,6789984,165347
2014-02-09,6817824,160828
2014-02-10,6786624,156791
2014-02-11,6786816,154887
2014-02-12,6784512,155688
2014-02-13,6785088,152711
2014-02-14,6784992,154664
2014-02-15,6780768,161219
2014-02-16,6819360,190290
2014-02-17,6788640,155176
2014-02-18,6787584,156190
2014-02-19,6786432,161796
2014-02-20,6783264,174517
2014-02-21,6790752,176445
2014-02-22,6781440,180524
2014-02-23,6810624,182239
2014-02-24,6779808,184661
2014-02-25,6787200,183972
2014-02-26,6775488,178055
2014-02-27,6788448,179899
2014-02-28,6783072,180567
2014-03-01,6777888,182240
2014-03-02,6526176,181187
2014-03-03,6773568,172586
2014-03-04,6775296,172633
2014-03-05,6777600,171645
2014-03-06,6780960,164908
2014-03-07,6782688,163081
2014-03-08,6773760,163531
2014-03-09,6805920,165793
2014-03-10,6778944,171391
2014-03-11,6778656,166889
2014-03-12,6775296,171153
2014-03-13,6784224,164613
2014-03-14,6781440,162535
2014-03-15,6784128,167278
2014-03-16,6809472,167770
2014-03-17,6776352,169502
2014-03-18,6781056,165766
2014-03-19,6770016,169718
2014-03-20,6777024,169614
2014-03-21,6780576,169017
2014-03-22,6760224,168683
2014-03-23,6795552,172498
2014-03-24,6771840,170609
2014-03-25,6772608,164417
2014-03-26,6762816,162523
2014-03-27,6765888,163132
2014-03-28,6766176,164116
2014-03-29,6769248,167003
2014-03-30,6793824,166359
2014-03-31,6763488,171111
2014-04-01,6763968,173696
2014-04-02,6768000,169528
2014-04-03,6764640,166100
2014-04-04,6766368,162760
2014-04-05,6771072,158692
2014-04-06,6802752,156775
2014-04-07,6768672,158701
2014-04-08,6767040,157270
2014-04-09,6762912,156732
2014-04-10,6752640,161892
2014-04-11,6762144,166991
2014-04-12,6759360,165572
2014-04-13,6794688,163762
2014-04-14,6753024,164711
2014-04-15,6760512,168679
2014-04-16,6758112,169970
2014-04-17,6755616,171130
2014-04-18,6759552,180344
2014-04-19,6760224,173721
2014-04-20,6789600,168425
2014-04-21,6759456,173956
2014-04-22,6761088,170743
2014-04-23,6759648,167835
2014-04-24,6759168,166232
2014-04-25,6770976,161629
2014-04-26,6755904,159692
2014-04-27,6789888,246983
2014-04-28,6763392,169109
2014-04-29,6762336,168367
2014-04-30,6760992,164166
2014-05-01,6759360,156191
2014-05-02,6763776,151885
2014-05-03,6754752,152405
2014-05-04,6785952,158705
2014-05-05,6756576,164042
2014-05-06,6754176,153514
2014-05-07,6753408,153356
2014-05-08,6755040,153787
2014-05-09,6750720,150438
2014-05-10,6748800,150292
2014-05-11,6783168,151000
2014-05-12,6751296,154739
2014-05-13,6748320,155116
2014-05-14,6751680,154476
2014-05-15,6750720,161152
2014-05-16,6756192,163306
2014-05-17,6749952,161393
2014-05-18,6786720,156980
2014-05-19,6757056,160103
2014-05-20,6743904,162213
2014-05-21,6754848,157256
2014-05-22,6759168,162736
2014-05-23,6753600,166430
2014-05-24,6748416,164966
2014-05-25,6769632,169728
2014-05-26,6747072,168684
2014-05-27,6749184,182007
2014-05-28,6716256,158717
2014-05-29,6751296,164108
2014-05-30,6754848,159996
2014-05-31,6749952,160713
2014-06-01,6778272,158152
2014-06-02,6750624,162511
2014-06-03,6747264,163445
2014-06-04,6752256,158526
2014-06-05,6745152,161507
2014-06-06,6742368,156962
2014-06-07,6743040,156121
2014-06-08,6775392,158658
2014-06-09,6740832,160193
2014-06-10,6741024,156043
2014-06-11,6733152,158394
2014-06-12,6735168,158297
2014-06-13,6734304,157142
2014-06-14,6729696,159786
2014-06-15,6751488,161780
2014-06-16,6730560,163478
2014-06-17,6732096,157926
2014-06-18,6725952,136831
2014-06-19,6710304,166916
2014-06-20,6710112,168288
2014-06-21,6730368,166864
2014-06-22,6756000,161466
2014-06-23,6728256,167017
2014-06-24,6722880,187876
2014-06-25,6727392,167953
2014-06-26,6721632,162663
2014-06-27,6721536,164614
2014-06-28,6720672,165642
2014-06-29,6725952,182332
2014-06-30,6722016,170563
2014-07-01,6720000,183918
2014-07-02,6714624,182778
2014-07-03,6713856,177076
2014-07-04,6715680,174987
2014-07-05,6709824,175777
2014-07-06,6712416,172689
2014-07-07,6712512,158774
2014-07-08,6712800,154944
2014-07-09,6709344,217572
2014-07-10,6712320,258025
2014-07-11,6713280,155588
2014-07-12,6710592,160288
2014-07-13,6710112,155117
2014-07-14,6713568,162624
2014-07-15,6710112,158671
2014-07-16,6727488,151551
2014-07-17,6727680,152212
2014-07-18,6726720,145410
2014-07-19,6724512,143517
2014-07-20,6755328,144429
2014-07-21,6725184,141808
2014-07-22,6725280,143843
2014-07-23,6724992,143805
2014-07-24,6724992,142308
2014-07-25,6724800,143596
2014-07-26,6724128,145656
2014-07-27,6753792,147840
2014-07-28,6725568,144667
2014-07-29,6725952,145576
2014-07-30,6725952,158791
2014-07-31,6726144,166068
2014-08-01,6722016,154992
2014-08-02,6720000,156975
2014-08-03,6753312,160503
2014-08-04,6722976,162245
2014-08-05,6721440,153606
2014-08-06,6723456,152886
2014-08-07,6720672,154282
2014-08-08,6718272,151184
2014-08-09,6717600,153033
2014-08-10,6749088,156084
2014-08-11,6719040,162793
2014-08-12,6717696,159743
2014-08-13,6717888,237713
2014-08-14,6718752,157535
2014-08-15,6716736,159387
2014-08-16,6715200,159807
2014-08-17,6746976,161117
2014-08-18,6719520,157192
2014-08-19,6717696,158220
2014-08-20,6716544,152984
2014-08-21,6718176,151977
2014-08-22,6717984,150718
2014-08-23,6717312,150793
2014-08-24,6747936,155738
2014-08-25,6714336,158298
2014-08-26,6701856,159590
2014-08-27,6721440,160779
2014-08-28,6719328,160485
2014-08-29,6718752,161470
2014-08-30,6716640,158131
2014-08-31,6749760,158618
2014-09-01,6721536,160006
2014-09-02,6722208,154218
2014-09-03,6720672,151389
2014-09-04,6722976,151813
2014-09-05,6720000,147129
2014-09-06,6718560,149200
2014-09-07,6751584,148962
2014-09-08,6720000,153184
2014-09-09,6719232,165803
2014-09-10,6717504,163462
2014-09-11,6715200,162127
2014-09-12,6716544,157428
2014-09-13,6715872,156914
2014-09-14,6753504,162005
2014-09-15,6717312,150641
2014-09-16,6717504,146984
2014-09-17,6713280,143106
2014-09-18,6712512,135621
2014-09-19,6711168,138449
2014-09-20,6712032,139214
2014-09-21,6751392,139148
2014-09-22,6712704,143181
2014-09-23,6713664,144997
2014-09-24,6713088,144755
2014-09-25,6717120,148490
2014-09-26,6715776,140928
2014-09-27,6714336,140802
2014-09-28,6753792,140461
2014-09-29,6715776,145703
2014-09-30,6714240,164713
2014-10-01,6707520,160381
2014-10-02,6712128,161107
2014-10-03,6711936,156820
2014-10-04,6710496,156688
2014-10-05,6739008,152357
2014-10-06,6711936,156680
2014-10-07,6436608,136577
2014-10-08,6711936,145869
2014-10-09,6714816,144275
2014-10-10,6710496,144217
2014-10-11,6713664,144316
2014-10-12,6745536,142334
2014-10-13,6715104,147288
2014-10-14,6714048,142925
2014-10-15,6714048,136086
2014-10-16,6712896,136434
2014-10-17,6713856,137468
2014-10-18,6711648,140176
2014-10-19,6748992,140278
2014-10-20,6713088,138502
2014-10-21,6714720,143675
2014-10-22,6715584,152051
2014-10-23,6712320,149078
2014-10-24,6712128,149905
2014-10-25,6709920,150974
2014-10-26,6715392,151284
2014-10-27,6707136,200333
2014-10-28,6449376,161406
2014-10-29,6706080,169825
2014-10-30,6701664,173410
2014-10-31,6694944,170938
2014-11-01,6696288,167768
2014-11-02,6705312,163076
2014-11-03,6697728,164066
2014-11-04,6696288,166178
2014-11-05,6699264,161252
2014-11-06,6694848,164437
2014-11-07,6695328,159500
2014-11-08,6696672,158463
2014-11-09,6699456,159905
2014-11-10,6698112,156663
2014-11-11,6689280,155062
2014-11-12,6687264,151005
2014-11-13,6690144,151767
2014-11-14,6692160,150607
2014-11-15,6691872,157770
2014-11-16,6689568,161766
2014-11-17,6693120,154949
2014-11-18,6693312,153783
2014-11-19,6695136,153696
2014-11-20,6693312,152302
2014-11-21,6693120,155742
2014-11-22,6692544,150572
2014-11-23,6695136,149342
2014-11-24,6694080,158171
2014-11-25,6694464,155268
2014-11-26,6690528,155136
2014-11-27,6692448,150212
2014-11-28,6691776,142667
2014-11-29,6692544,141972
2014-11-30,6695616,152889
2014-12-01,6692832,147677
2014-12-02,6694560,147016
2014-12-03,6683520,145771
2014-12-04,6692736,151920
2014-12-05,6694080,147069
2014-12-06,6693984,163486
2014-12-07,6698688,156369
2014-12-08,6686016,155867
2014-12-09,6694464,150116
2014-12-10,6697920,150019
2014-12-11,6707712,148617
2014-12-12,6706560,147448
2014-12-13,6705120,148708
2014-12-14,6731424,149624
2014-12-15,6706560,148810
2014-12-16,6706848,158428
2014-12-17,6706848,152394
2014-12-18,6706080,149694
2014-12-19,6705024,147642
2014-12-20,6683328,142501
2014-12-21,6683328,146152
2014-12-22,6705408,147060
2014-12-23,6706368,146378
2014-12-24,6699072,145753
2014-12-25,6695808,156672
2014-12-26,6697248,152731
2014-12-27,6696192,145615
2014-12-28,6708192,144349
2014-12-29,6701472,151224
2014-12-30,6701376,147834
2014-12-31,6696480,147929
2015-01-01,6694272,150596
2015-01-02,6699936,152386
2015-01-03,6684096,152901
2015-01-04,6702048,153906
2015-01-05,6684096,157552
2015-01-06,6699072,160899
2015-01-07,6697152,193481
2015-01-08,6379776,166591
2015-01-09,6695040,158996
2015-01-10,6690528,154056
2015-01-11,6691104,153614
2015-01-12,6688224,154906
2015-01-13,6686304,154912
2015-01-14,6687072,150841
2015-01-15,6679584,153006
2015-01-16,6683520,151639
2015-01-17,6677664,154387
2015-01-18,6677664,155051
2015-01-19,6685152,145573
2015-01-20,6681600,151519
2015-01-21,6680256,151271
2015-01-22,6679968,155408
2015-01-23,6680064,146527
2015-01-24,6674304,147093
2015-01-25,6676224,145492
2015-01-26,6674976,152263
2015-01-27,6677568,148260
2015-01-28,6691200,150688
2015-01-29,6667872,152690
2015-01-30,6689568,152411
2015-01-31,6689856,152608
2015-02-01,6668160,155522
2015-02-02,6696480,156433
2015-02-03,6669216,155402
2015-02-04,6691104,152667
2015-02-05,6691104,150103
2015-02-06,6690912,150457
2015-02-07,6689472,157239
2015-02-08,6717888,161474
2015-02-09,6691104,159422
2015-02-10,6688704,153609
2015-02-11,6691008,150148
2015-02-12,6689280,146332
2015-02-13,6667008,160097
2015-02-14,6667008,170918
2015-02-15,6667008,162862
2015-02-16,6654720,692000
2015-02-17,6689376,165874
2015-02-18,6690528,160462
2015-02-19,6690336,294820
2015-02-20,6726432,179078
2015-02-21,6724512,168461
2015-02-22,6724224,161431
2015-02-23,6688320,165076
2015-02-24,6687840,160740
2015-02-25,6664032,157121
2015-02-26,6683808,158238
2015-02-27,6676704,159260
2015-02-28,6667200,184898
2015-03-01,6671904,184909
2015-03-02,6674592,156764
2015-03-03,6675264,152668
2015-03-04,6672384,148958
2015-03-05,6665088,150553
2015-03-07,6679104,153851
2015-03-08,6657792,153103
2015-03-09,6671232,158069
2015-03-10,6662784,151628
2015-03-11,6665184,151234
2015-03-12,6665664,153749
2015-03-13,6662688,152123
2015-03-14,6663936,153696
2015-03-15,6662592,151815
2015-03-16,6666240,151352
2015-03-17,6663648,150515
2015-03-18,6663168,150422
2015-03-19,6656448,152233
2015-03-20,6651744,148361
2015-03-21,6655584,160968
2015-03-22,6650688,161306
2015-03-23,6648576,154163
2015-03-24,6646080,865733
2015-03-25,6649920,148825
2015-03-26,6645696,145771
2015-03-27,6647136,146849
2015-03-28,6648960,149967
2015-03-29,6643488,151125
2015-03-30,6646656,152594
2015-03-31,6661632,151363
2015-04-01,6662304,153274
2015-04-02,6657792,146352
2015-04-03,6656256,146828
2015-04-04,6634176,141427
2015-04-05,6687648,143874
2015-04-06,6656256,148094
2015-04-07,6656160,151226
2015-04-08,6659712,155167
2015-04-09,6656928,150197
2015-04-10,6656160,146628
2015-04-11,6654720,152383
2015-04-12,6689856,157111
2015-04-13,6656160,152550
2015-04-14,6654912,152841
2015-04-15,6629568,152619
2015-04-16,6650112,147876
2015-04-17,6649536,594481
2015-04-18,6646080,158279
2015-04-19,6682752,165990
2015-04-20,6648768,168012
2015-04-21,6648960,166891
2015-04-22,6650304,169115
2015-04-23,6650304,165829
2015-04-24,6651840,164681
2015-04-25,6648480,169069
2015-04-26,6686496,173963
2015-04-27,6648288,166476
2015-04-28,6647712,164100
2015-04-29,6649824,159041
2015-04-30,6649344,160274
2015-05-01,6649344,157471
2015-05-02,6647328,158810
2015-05-03,6686592,161220
2015-05-04,6648768,158713
2015-05-05,6648960,160426
2015-05-06,6626496,152466
2015-05-07,6649344,151435
2015-05-08,6629088,149880
2015-05-09,6640320,157417
2015-05-10,6645792,155762
2015-05-11,6629088,154390
2015-05-12,6643200,161311
2015-05-13,6643584,170847
2015-05-14,6643584,168002
2015-05-15,6642240,161070
2015-05-16,6642816,163177
2015-05-17,6640992,166151
2015-05-18,6635712,163934
2015-05-19,6638016,164706
2015-05-20,6639744,164925
2015-05-21,6649920,164399
2015-05-22,6495072,139167
2015-05-23,6689664,163655
2015-05-24,6686304,161249
2015-05-25,6651072,161403
2015-05-26,6649632,158162
2015-05-27,6652128,161578
2015-05-28,6633312,156245
2015-05-29,6447264,158000
2015-05-30,6689184,161352
2015-05-31,6686016,163985
2015-06-01,6652032,162842
2015-06-02,6652224,158987
2015-06-03,6301920,131626
2015-06-04,6656448,172385
2015-06-05,6497088,401620
2015-06-06,6657024,181400
2015-06-07,6690336,171336
2015-06-08,6657312,175678
2015-06-09,6658464,173909
2015-06-10,6655872,167244
2015-06-11,6656832,164479
2015-06-12,6655296,159343
2015-06-13,6639360,157799
2015-06-14,6684480,162263
2015-06-15,6653760,159514
2015-06-16,6653952,159588
2015-06-17,6653952,156917
2015-06-18,6652992,153801
2015-06-19,6652992,152851
2015-06-20,6649248,153227
2015-06-21,6681984,150984
2015-06-22,6634560,486044
2015-06-23,6648480,162088
2015-06-24,6650880,155195
2015-06-25,6649056,151381
2015-06-26,6648864,149884
2015-06-27,6647232,153892
2015-06-28,6676416,153026
2015-06-29,6642528,154483
2015-06-30,6642528,150300
2015-07-01,6641280,149099
2015-07-02,6638880,151215
2015-07-03,6640608,148586
2015-07-04,6637248,151620
2015-07-05,6652512,149564
2015-07-06,6641856,150585
2015-07-07,6640608,150473
2015-07-08,6641376,152818
2015-07-09,6641088,149806
2015-07-10,6638112,145445
2015-07-11,6634368,144155
2015-07-12,6647808,151658
2015-07-13,6634272,158873
2015-07-14,6634176,156842
2015-07-15,6629760,153997
2015-07-16,6633216,153346
2015-07-17,6631296,151573
2015-07-18,6630432,153871
2015-07-19,6632544,156297
2015-07-20,6631104,159560
2015-07-21,6629856,153668
2015-07-22,6629568,152745
2015-07-23,6628512,147781
2015-07-24,6348096,120524
2015-07-25,6625632,145559
2015-07-26,6637920,146143
2015-07-27,6626400,147110
2015-07-28,6627552,145367
2015-07-29,6626688,139601
2015-07-30,6623808,142895
2015-07-31,6351648,121416
2015-08-01,6628992,142488
2015-08-02,6636000,142200
2015-08-03,6631584,148006
2015-08-04,6632928,145431
2015-08-05,6630624,146697
2015-08-06,6630624,138285
2015-08-07,6627840,138847
2015-08-08,6625632,138972
2015-08-09,6627168,139788
2015-08-10,6629664,146028
2015-08-11,6630432,143753
2015-08-12,6633216,140591
2015-08-13,6633792,143767
2015-08-14,6630240,148836
2015-08-15,6623904,146677
2015-08-16,6631968,148944
2015-08-17,6629952,151463
2015-08-18,6630336,153818
2015-08-19,6626688,156806
2015-08-20,6626304,160142
2015-08-21,6632256,159525
2015-08-22,6627744,158990
2015-08-23,6635232,157069
2015-08-24,6629280,155915
2015-08-25,6634080,157962
2015-08-26,6632928,160240
2015-08-27,6630720,176513
2015-08-28,6634176,156987
2015-08-29,6634752,153754
2015-08-30,6636384,155006
2015-08-31,6631968,153949
2015-09-01,6633696,156611
2015-09-02,6631488,159080
2015-09-03,6633504,157794
2015-09-04,6633600,150681
2015-09-05,6633408,147762
2015-09-06,6632544,146053
2015-09-07,6629760,145487
2015-09-08,6632736,146025
2015-09-09,6630624,145776
2015-09-10,6633120,168624
2015-09-11,6410400,134223
2015-09-12,6629376,139928
2015-09-13,6634848,141155
2015-09-14,6634176,145533
2015-09-15,6632448,148183
2015-09-16,6643200,143874
2015-09-17,6645504,137527
2015-09-18,6645504,139061
2015-09-19,6645408,139841
2015-09-20,6662784,141911
2015-09-21,6643200,141897
2015-09-22,6645504,140213
2015-09-23,6645312,139630
2015-09-24,6645504,142749
2015-09-25,6642816,145847
2015-09-26,6643104,140015
2015-09-27,6655104,139533
2015-09-28,6642528,142175
2015-09-29,6644928,139432
2015-10-01,6644544,139003
2015-10-02,6641376,144286
2015-10-03,6643872,146371
2015-10-04,6644928,137603
2015-10-05,6640320,146517
2015-10-06,6644448,147735
2015-10-07,6640608,138246
2015-10-08,6640032,136988
2015-10-09,6643776,140153
2015-10-10,6639744,143450
2015-10-11,6640032,147198
2015-10-12,6642048,154484
2015-10-13,6641952,146442
2015-10-14,6643680,143112
2015-10-15,6640416,175390
2015-10-16,6637344,146117
2015-10-17,6629472,143019
2015-10-18,6635616,144967
2015-10-19,6637152,147197
2015-10-20,6629664,216176
2015-10-21,6627072,152248
2015-10-22,6627360,136932
2015-10-23,6627456,133908
2015-10-24,6620064,135031
2015-10-25,6618720,135398
2015-10-26,6620736,140613
2015-10-27,6612864,141038
2015-10-28,6611808,140954
2015-10-29,6614592,138340
2015-10-30,6611616,134384
2015-10-31,6622272,145066
2015-11-01,6645600,144010
2015-11-02,6622560,146214
2015-11-03,6618528,144357
2015-11-04,6620544,135580
2015-11-05,6618624,143959
2015-11-06,6608832,141306
2015-11-07,6610176,145354
2015-11-08,6630528,141089
2015-11-09,6605856,146664
2015-11-10,6609792,143432
2015-11-11,6607296,140937
2015-11-12,6610944,134173
2015-11-13,6608640,129151
2015-11-14,6606816,141131
2015-11-15,6626880,129615
2015-11-16,6605280,133141
2015-11-17,6609696,130259
2015-11-18,6609696,131907
2015-11-19,6607104,131420
2015-11-20,6607680,138214
2015-11-21,6607584,132826
2015-11-22,6617856,131640
2015-11-23,6607680,133481
2015-11-24,6606720,136117
2015-11-25,6608352,145898
2015-11-26,6609216,151233
2015-11-27,6607296,138117
2015-11-28,6606432,141660
2015-11-29,6635520,144701
2015-11-30,3786720,106045
2015-12-01,6607488,148161
2015-12-02,6602112,135378
2015-12-03,6607584,131307
2015-12-04,6606048,133372
2015-12-05,6603072,137068
2015-12-06,6630432,133293
2015-12-07,6602592,129990
2015-12-08,6600576,132286
2015-12-09,6600384,133291
2015-12-10,6598080,130745
2015-12-11,6599040,131239
2015-12-12,6599616,131663
2015-12-13,6621216,131236
2015-12-14,6599328,113812
2015-12-15,6599712,139994
2015-12-16,6600192,133363
2015-12-17,6600480,131423
2015-12-18,6602304,131891
2015-12-19,738720,17150
2015-12-20,6621600,136796
2015-12-21,6598656,127777
2015-12-22,6594528,125174
2015-12-23,6589728,124745
2015-12-24,6590784,127209
2015-12-25,6591552,140494
2015-12-26,6588768,136928
2015-12-27,6596256,131655
2015-12-28,6592512,134456
2015-12-29,6595488,136936
2015-12-30,6593568,134550
2015-12-31,2447904,36436
2016-01-01,6589824,139038
2016-01-02,6590112,146845
2016-01-03,6597408,140093
2016-01-04,6589056,145872
2016-01-05,6591456,143661
2016-01-06,6589440,137261
2016-01-07,6591456,135916
2016-01-08,6587136,138720
2016-01-09,6590592,134486
2016-01-10,6594528,132379
2016-01-11,6591456,174201
2016-01-12,6587808,141888
2016-01-13,6601248,157516
2016-01-14,6580992,142663
2016-01-15,6598176,140438
2016-01-16,6580992,139831
2016-01-17,6591744,142466
2016-01-18,6589344,144932
2016-01-19,6580992,141870
2016-01-20,6586560,141190
2016-01-21,6587424,139250
2016-01-23,6579840,137101
2016-01-24,6581952,135291
2016-01-25,6579552,136712
2016-01-26,6577248,143142
2016-01-27,6575424,148068
2016-01-28,6576384,159234
2016-01-29,6578112,156720
2016-01-30,6573984,158020
2016-01-31,6575808,176834
2016-02-01,6572160,161140
2016-02-02,6570816,155306
2016-02-03,6570912,163098
2016-02-04,6569280,148686
2016-02-05,6578400,149529
2016-02-06,6575808,148714
2016-02-07,6577920,150307
2016-02-08,6576384,148807
2016-02-09,6580416,147661
2016-02-10,6589248,154567
2016-02-11,6587040,148601
2016-02-12,6593280,150765
2016-02-13,6590112,151368
2016-02-14,6613824,154232
2016-02-15,6590208,155989
2016-02-16,6589056,155523
2016-02-17,6589056,153893
2016-02-18,6589824,152802
2016-02-19,6593472,150737
2016-02-20,6590208,154532
2016-02-21,6619296,155524
2016-02-22,6591168,166553
2016-02-23,6592992,181201
2016-02-24,6592800,181782
2016-02-25,6590592,181741
2016-02-26,6592896,172216
2016-02-27,6581184,166520
2016-02-28,6621408,160059
2016-02-29,6590592,152778
2016-03-01,6592896,145767
2016-03-02,6591168,142801
2016-03-03,6587520,146835
2016-03-04,6587520,146798
2016-03-05,6587424,150173
2016-03-06,6610176,154169
2016-03-07,6587520,150728
2016-03-08,6587520,154278
2016-03-09,6586752,152757
2016-03-10,6587520,154600
2016-03-11,6586368,149857
2016-03-12,6586272,145831
2016-03-13,6615360,147331
2016-03-14,6586368,147736
2016-03-15,6586368,145932
2016-03-16,6586368,143925
2016-03-17,6587040,146951
2016-03-18,6587040,153811
2016-03-19,6586944,142892
2016-03-20,6615648,147529
2016-03-21,6587040,145670
2016-03-22,6587040,145772
2016-03-23,6586848,141028
2016-03-24,6587040,136219
2016-03-25,6587040,140173
2016-03-26,6586944,136264
2016-03-27,6616512,141096
2016-03-28,6587040,146661
2016-03-29,6587040,140783
2016-03-30,6587040,137796
2016-03-31,6587040,139709
2016-04-01,6587040,145758
2016-04-02,6586944,152936
2016-04-03,6609216,150561
2016-04-04,6589344,154270
2016-04-05,6588288,156883
2016-04-06,6586752,176635
2016-04-07,6587040,144912
2016-04-08,6586464,143389
2016-04-09,6575328,139377
2016-04-10,6599040,192697
2016-04-11,6586848,145748
2016-04-12,6586176,148993
2016-04-13,6587040,150214
2016-04-14,6585120,151821
2016-04-15,6585888,147646
2016-04-16,6583968,143215
2016-04-17,6583968,143468
2016-04-18,6584544,142126
2016-04-19,6587424,137834
2016-04-20,6588672,137561
2016-04-21,6587712,138440
2016-04-22,6589056,142638
2016-04-23,6579360,140435
2016-04-24,6592320,144782
2016-04-25,6590112,150594
2016-04-26,6585696,148704
2016-04-27,6590208,140330
2016-04-28,6596448,137685
2016-04-29,6597888,141951
2016-04-30,6595488,139503
2016-05-01,6608928,162866
2016-05-02,6599328,146694
2016-05-03,6600576,181851
2016-05-04,6599904,138266
2016-05-05,6600864,129254
2016-05-06,6600864,133104
2016-05-07,6600768,135702
2016-05-08,6626016,137352
2016-05-09,6599808,137550
2016-05-10,6596832,138564
2016-05-11,6598176,133145
2016-05-12,6596160,134827
2016-05-13,6597312,130274
2016-05-14,6598848,126019
2016-05-15,6623520,130750
2016-05-16,6597216,132217
2016-05-17,6601248,132543
2016-05-18,6595968,146801
2016-05-20,6597792,123264
2016-05-21,6600576,121738
2016-05-22,6602976,119692
2016-05-23,6599136,119538
2016-05-24,6597408,121569
2016-05-25,6600864,123500
2016-05-26,6603264,125017
2016-05-27,6604512,120856
2016-05-28,6603840,121224
2016-05-29,6603168,119197
2016-05-30,6601152,121360
2016-05-31,6605664,119674
2016-06-01,6609792,118628
2016-06-02,6612672,193029
2016-06-03,6606432,125795
2016-06-04,6607392,132791
2016-06-05,6637248,132248
2016-06-06,6605568,129896
2016-06-07,6600576,125339
2016-06-08,6600768,125966
2016-06-09,6600000,125947
2016-06-10,6600000,126455
2016-06-11,6598752,137855
2016-06-12,6627648,133946
2016-06-13,6596160,140198
2016-06-14,6598464,127052
2016-06-15,6598464,189880
2016-06-16,6596640,121304
2016-06-17,6595104,122356
2016-06-18,6596160,124178
2016-06-19,6622464,127198
2016-06-20,6595872,112763
2016-06-21,6594720,146589
2016-06-22,6596832,131133
2016-06-23,6596832,136630
2016-06-24,6593088,136758
2016-06-25,6592704,133083
2016-06-26,6605472,132766
2016-06-27,6591648,133864
2016-06-28,6592128,140619
2016-06-29,6589440,138697
2016-06-30,6581184,137083
2016-07-01,6554304,132560
2016-07-02,6551904,135071
2016-07-03,6559392,137401
2016-07-04,6555168,137263
2016-07-05,6555168,213686
2016-07-06,6553248,138591
2016-07-07,6552192,137918
2016-07-08,6551520,133168
2016-07-09,6552192,126612
2016-07-10,6550368,124831
2016-07-11,6546240,124760
2016-07-12,6548064,130204
2016-07-13,6555840,126998
2016-07-14,6555552,129704
2016-07-15,6557952,123472
2016-07-16,6557088,124309
2016-07-17,6559104,118130
2016-07-18,6554016,119833
2016-07-19,6551520,121297
2016-07-20,6554880,130368
2016-07-21,6549888,126563
2016-07-22,6550560,125912
2016-07-23,6551232,126139
2016-07-24,6579744,126594
2016-07-25,6550656,124497
2016-07-26,6552576,123264
2016-07-27,6552576,117369
2016-07-28,6552576,112928
2016-07-29,6546624,107520
2016-07-30,6544320,110919
2016-07-31,6553248,110061
2016-08-01,6545952,113378
2016-08-02,6546624,110031
2016-08-03,6543840,109850
2016-08-04,6549216,113402
2016-08-05,6549216,111158
2016-08-06,6549504,108018
2016-08-07,6581856,109673
2016-08-08,6549216,116764
2016-08-09,6549792,117850
2016-08-10,6548736,117006
2016-08-11,6548928,115437
2016-08-12,6552000,110688
2016-08-13,6549984,106938
2016-08-14,6579840,108326
2016-08-16,6550848,113055
2016-08-17,6551616,111509
2016-08-18,6547968,107638
2016-08-19,6550272,107462
2016-08-20,6550560,110241
2016-08-21,6580128,111479
2016-08-22,6550272,111236
2016-08-23,6550176,112102
2016-08-24,6548352,115046
2016-08-25,6547296,110630
2016-08-26,6545280,113057
2016-08-27,6545568,112326
2016-08-28,6566880,109070
2016-08-29,6546432,110518
2016-08-30,6545280,105236
2016-08-31,6546048,106221
2016-09-01,6546048,106618
2016-09-02,6547008,103890
2016-09-03,6540288,104515
2016-09-04,6565536,103924
2016-09-05,6539712,108069
2016-09-06,6540000,106539
2016-09-07,6536928,107228
2016-09-08,6536928,108853
2016-09-09,6539712,108597
2016-09-10,6540288,111788
2016-09-11,6570048,110578
2016-09-12,6541152,111380
2016-09-13,6541152,114259
2016-09-14,6541152,117490
2016-09-15,6542496,185188
2016-09-16,6542688,132032
2016-09-17,6542496,136304
2016-09-18,6571968,136822
2016-09-19,6543744,141126
2016-09-20,6544512,234383
2016-09-21,6544512,139007
2016-09-22,6544512,133782
2016-09-23,6544512,126618
2016-09-24,6544800,125067
2016-09-25,6572352,128672
2016-09-26,6544128,133709
2016-09-27,6547008,131207
2016-09-28,6544416,122493
2016-09-29,6540480,116545
2016-09-30,6540000,118353
2016-10-01,6545376,123193
2016-10-02,6553920,112529
2016-10-03,6543456,117345
2016-10-04,6541248,124462
2016-10-05,6540768,134896
2016-10-06,6540576,127213
2016-10-07,6538944,126447
2016-10-08,6538560,129131
2016-10-09,6544992,196167
2016-10-10,6539520,159990
2016-10-11,6538944,134850
2016-10-12,6537024,127727
2016-10-13,6537600,129557
2016-10-14,6542496,129448
2016-10-15,6542784,128709
2016-10-16,6571008,127199
2016-10-17,6542496,127149
2016-10-18,6542688,126378
2016-10-19,6544992,126511
2016-10-20,6545088,121083
2016-10-21,6542016,123848
2016-10-22,6542112,129523
2016-10-23,6571680,129084
2016-10-24,6544320,125554
2016-10-25,6546240,128015
2016-10-26,6545184,128745
2016-10-27,6547296,127786
2016-10-28,6547296,127290
2016-10-29,6545280,127659
2016-10-30,6558528,125926
2016-10-31,6546624,124394
2016-11-01,6544992,127111
2016-11-02,6544416,147707
2016-11-03,6547392,125669
2016-11-04,6545472,122834
2016-11-05,6543552,126827
2016-11-06,6548256,127114
2016-11-07,6546240,130334
2016-11-08,6543936,129936
2016-11-09,6538080,131583
2016-11-10,6536160,130517
2016-11-11,6542784,136329
2016-11-12,6540768,145670
2016-11-13,6572544,137674
2016-11-14,6542784,138879
2016-11-15,6545088,138417
2016-11-16,6544512,137935
2016-11-17,6541920,140502
2016-11-18,6544992,136224
2016-11-19,6536448,127687
2016-11-20,6546336,128121
2016-11-21,6535776,133453
2016-11-22,6537696,129212
2016-11-23,6535584,124981
2016-11-24,6538464,125697
2016-11-25,6539136,131461
2016-11-26,6533856,130664
2016-11-27,6549888,139230
2016-11-28,6532896,134701
2016-11-29,6528576,134791
2016-11-30,6534624,130352
2016-12-01,6533472,128096
2016-12-02,6532704,125447
2016-12-03,6532992,135988
2016-12-04,6555936,133096
2016-12-05,6532704,128546
2016-12-06,6535008,123846
2016-12-07,6535776,127669
2016-12-08,6537312,129926
2016-12-09,6536544,130573
2016-12-10,6536832,127027
2016-12-11,6565824,124493
2016-12-12,6536832,132211
2016-12-13,6534816,133097
2016-12-14,6537312,318619
2016-12-15,6535680,139018
2016-12-16,6535008,126846
2016-12-17,6535968,129400
2016-12-18,6562656,130249
2016-12-19,6535776,133454
2016-12-20,6533088,134034
2016-12-21,6532608,126660
2016-12-22,6534912,121505
2016-12-23,6532608,122519
2016-12-24,6532896,124379
2016-12-25,6559392,127245
2016-12-26,6532608,130724
2016-12-27,6532608,132729
2016-12-28,6532608,137722
2016-12-29,6530304,143439
2016-12-30,6532608,144078
2016-12-31,6532896,140162
2017-01-01,6563136,139705
2017-01-02,6503808,144578
2017-01-03,6532608,142012
2017-01-04,6532608,138580
2017-01-05,6533472,136139
2017-01-06,6534240,137469
2017-01-07,6534528,141660
2017-01-08,6562944,138177
2017-01-09,6535200,136720
2017-01-10,6537504,140823
2017-01-11,6539808,140488
2017-01-12,6539808,135104
2017-01-13,6539808,132283
2017-01-14,6536448,131412
2017-01-15,6572064,131872
2017-01-16,6536736,134089
2017-01-17,6540384,141199
2017-01-18,6540384,137572
2017-01-19,6540576,135911
2017-01-20,6541728,148996
2017-01-21,6542016,138857
2017-01-22,6512928,142895
2017-01-23,6541728,142602
2017-01-24,6536544,141755
2017-01-25,6531744,138665
2017-01-26,6541728,138972
2017-01-27,6542304,137392
2017-01-28,6542400,141560
2017-01-29,6574944,141618
2017-01-30,6542304,144173
2017-01-31,6540768,141421
2017-02-01,6540000,138944
2017-02-02,6542304,142286
2017-02-03,6540000,143571
2017-02-04,6539712,142924
2017-02-05,6553632,147435
2017-02-06,6538080,158240
2017-02-07,6540576,155759
2017-02-08,6538560,158813
2017-02-09,6534816,154712
2017-02-10,6534528,143848
2017-02-11,6534048,140510
2017-02-12,6556320,141998
2017-02-14,6534240,142565
2017-02-15,6533664,142951
2017-02-16,6537120,147111
2017-02-17,6534720,147684
2017-02-18,6535008,143090
2017-02-19,6548928,143657
2017-02-20,6537216,127731
2017-02-21,6534816,151835
2017-02-22,6543648,150740
2017-02-23,6545760,149818
2017-02-24,6545472,144595
2017-02-25,6546336,142598
2017-02-26,6574560,142743
2017-02-27,6547680,143066
2017-02-28,6544608,146606
2017-03-01,6544896,140005
2017-03-02,6544896,136796
2017-03-03,6546048,141187
2017-03-04,6546720,142601
2017-03-05,6576384,143139
2017-03-06,6544896,142171
2017-03-07,6547776,136429
2017-03-08,6548544,140740
2017-03-09,6545952,142675
2017-03-10,6548640,134659
2017-03-11,6546432,131685
2017-03-12,6577728,135451
2017-03-13,6548640,140281
2017-03-14,6547872,135722
2017-03-15,6547872,261686
2017-03-16,6543360,140861
2017-03-17,6545568,136679
2017-03-18,6546432,137669
2017-03-19,6573984,201164
2017-03-20,6548832,145685
2017-03-21,6546240,144191
2017-03-22,6542304,146425
2017-03-23,6548256,145806
2017-03-24,6549792,149169
2017-03-25,6543648,148963
2017-03-26,6574560,145775
2017-03-27,6546624,155969
2017-03-28,6546240,154485
2017-03-29,6550176,150048
2017-03-30,6549696,148852
2017-03-31,6547776,148496
2017-04-01,6551904,145766
2017-04-02,6554784,144688
2017-04-03,6551520,146958
2017-04-04,6542880,148001
2017-04-05,6548352,148978
2017-04-06,6549408,149393
2017-04-07,6546144,152627
2017-04-08,6546816,198943
2017-04-09,6545760,163717
2017-04-10,6541728,174808
2017-04-11,6547584,163438
2017-04-12,6548160,163407
2017-04-13,6551232,163040
2017-04-14,6551040,165685
2017-04-15,6548448,161309
2017-04-16,6556320,154638
2017-04-17,6549984,160164
2017-04-18,6553728,155595
2017-04-19,6545760,153778
2017-04-20,6553344,159374
2017-04-21,6552288,163579
2017-04-22,6550080,165771
2017-04-23,6552576,160771
2017-04-24,6556608,156660
2017-04-25,6552672,166244
2017-04-26,6548352,163585
2017-04-27,6559392,162084
2017-04-28,6559392,156397
2017-04-29,6559488,157732
2017-04-30,6581856,159697
2017-05-01,6558624,164659
2017-05-02,6560928,172433
2017-05-03,6560448,164163
2017-05-04,6560448,165438
2017-05-05,6559200,160537
2017-05-06,6561600,154562
2017-05-07,6574944,156860
2017-05-08,6557184,161485
2017-05-09,6557376,165581
2017-05-10,6560640,171813
2017-05-11,6563136,175672
2017-05-12,6563328,188950
2017-05-13,6563424,187680
2017-05-14,6592416,178935
2017-05-15,6561024,179380
2017-05-16,6562560,175325
2017-05-17,6562176,171180
2017-05-18,6561408,187965
2017-05-19,6557280,173069
2017-05-20,6554208,167528
2017-05-21,6557088,169677
2017-05-22,6552480,209480
2017-05-23,6561120,173001
2017-05-24,6565728,168660
2017-05-25,6560352,164078
2017-05-26,6565536,162977
2017-05-27,6565632,162247
2017-05-28,6595104,163218
2017-05-29,6565536,162955
2017-05-30,6562272,166207
2017-05-31,6563040,166303
2017-06-01,6560736,166422
2017-06-02,6563040,155931
2017-06-03,6563136,152476
2017-06-04,6595296,154538
2017-06-05,6558816,153007
2017-06-06,6561120,157610
2017-06-07,6563904,156627
2017-06-08,6564672,157406
2017-06-09,6563904,159980
2017-06-10,6564768,157928
2017-06-11,6592320,155502
2017-06-12,6561792,160619
2017-06-13,6566880,157638
2017-06-14,6551712,144082
2017-06-15,6568896,158526
2017-06-16,6568896,175439
2017-06-17,6551712,172724
2017-06-18,6551712,173436
2017-06-19,6556320,177369
2017-06-20,6604224,178763
2017-06-21,6573888,169576
2017-06-22,6568704,172928
2017-06-23,6547680,183215
2017-06-24,6558432,183665
2017-06-25,6558432,181364
2017-06-26,6567360,186824
2017-06-27,6571392,187307
2017-06-28,6569280,187227
2017-06-29,6597120,191917
2017-07-01,6560640,201179
2017-07-02,6560640,198919
2017-07-03,6560640,190183
2017-07-04,6560640,184775
2017-07-05,6560640,182095
2017-07-06,6562944,177711
2017-07-07,6563232,176208
2017-07-08,6563232,176042
2017-07-09,6563232,181591
2017-07-10,6563232,183263
2017-07-11,6578496,185812
2017-07-12,6576096,186645
2017-07-13,6577536,186272
2017-07-14,6574368,189721
2017-07-15,6575520,187513
2017-07-16,6580800,184638
2017-07-17,6578976,186839
2017-07-19,6573792,191910
2017-07-20,6577056,192121
2017-07-21,6576576,181693
2017-07-22,6571008,175867
2017-07-23,6570336,176388
2017-07-24,6583296,181804
2017-07-25,6580224,184232
2017-07-26,6576384,177684
2017-07-27,6577152,175747
2017-07-28,6581760,176159
2017-07-29,6581856,179831
2017-07-30,6610656,177499
2017-07-31,6581376,183661
2017-08-01,6582144,177796
2017-08-02,6566784,179487
2017-08-03,6566784,177893
2017-08-04,6575136,173337
2017-08-05,6582240,176477
2017-08-06,6609120,177743
2017-08-07,6583968,177170
2017-08-08,6583488,172920
2017-08-09,6584160,166529
2017-08-10,6581856,165353
2017-08-11,6584736,168228
2017-08-12,6582144,170096
2017-08-13,6608256,170493
2017-08-14,6585120,171745
2017-08-15,6585120,167438
2017-08-16,6585120,174069
2017-08-17,6585120,168905
2017-08-18,6582816,160115
2017-08-19,6582912,153994
2017-08-20,6608064,154451
2017-08-21,6585504,158517
2017-08-22,6585888,163353
2017-08-23,6583584,163203
2017-08-24,6585120,165959
2017-08-25,6582912,177084
2017-08-26,6581376,168744
2017-08-27,6610848,169744
2017-08-28,6582816,169344
2017-08-29,6582816,164592
2017-08-31,6584832,165020
2017-09-01,6587424,162645
2017-09-02,6572064,157089
2017-09-03,6572064,154766
2017-09-04,6615456,161573
2017-09-05,6586656,159940
2017-09-06,6588672,165674
2017-09-07,6588672,160267
2017-09-08,6590112,161702
2017-09-09,6589920,164043
2017-09-10,6615264,164247
2017-09-11,6590976,166031
2017-09-12,6590592,164866
2017-09-13,6588192,167588
2017-09-14,6589344,166846
2017-09-15,6588096,163329
2017-09-16,6587712,163669
2017-09-17,6614208,158514
2017-09-18,6590112,169298
2017-09-19,6589344,168665
2017-09-20,6590784,174892
2017-09-21,6590112,171546
2017-09-22,6590112,165636
2017-09-23,6590880,172148
2017-09-24,6616704,166088
2017-09-25,6594624,166941
2017-09-26,6596352,170296
2017-09-27,6596352,173590
2017-09-28,6570240,168988
2017-09-29,6594240,170932
2017-09-30,6595008,166045
2017-10-01,6626592,160061
2017-10-02,6592416,169292
2017-10-03,6594720,165952
2017-10-04,6594720,161473
2017-10-05,6593664,157448
2017-10-06,6594720,160608
2017-10-07,6594816,173737
2017-10-08,6617184,169592
2017-10-09,6594528,159431
2017-10-10,6594048,165470
2017-10-11,6593952,165864
2017-10-12,6591456,164274
2017-10-13,6594240,158747
2017-10-14,6594336,174847
2017-10-15,6622944,181441
2017-10-16,6568896,164585
2017-10-17,6571200,167021
2017-10-18,6598752,186264
2017-10-19,6592896,159862
2017-10-20,6595392,158349
2017-10-21,6595104,188540
2017-10-22,6627936,161245
2017-10-23,6595392,162727
2017-10-24,6597696,186569
2017-10-25,6595872,165766
2017-10-26,6596928,160028
2017-10-27,6597696,154637
2017-10-28,6593472,152298
2017-10-29,6621408,156353
2017-10-30,6597696,157799
2017-10-31,6600672,167873
2017-11-01,6600480,157064
2017-11-02,6594912,443436
2017-11-03,6600288,626612
2017-11-04,6587712,148955
2017-11-05,6624288,147383
2017-11-06,6597792,146872
2017-11-07,6602688,147064
2017-11-09,6607008,147840
2017-11-10,6608640,144663
2017-11-11,6608544,139657
2017-11-12,6635712,143651
2017-11-13,6609312,147806
2017-11-14,6610656,157605
2017-11-15,6611424,145505
2017-11-16,6606144,138641
2017-11-17,6612960,138490
2017-11-18,6614208,142893
2017-11-19,6629184,138899
2017-11-20,6615264,140098
2017-11-21,6617568,140707
2017-11-22,6618528,133355
2017-11-23,6621696,141381
2017-11-24,6621696,134626
2017-11-25,6621696,128878
2017-11-26,6634368,129705
2017-11-27,6624000,136024
2017-11-28,6625536,140452
2017-11-29,6630144,143644
2017-11-30,6633792,151207
2017-12-01,6636096,156226
2017-12-02,6636096,159055
2017-12-03,6647328,161209
2017-12-04,6636096,152306
2017-12-05,6637632,150529
2017-12-06,6637632,145217
2017-12-07,6637728,144624
2017-12-08,6639456,143840
2017-12-09,6639456,144189
2017-12-10,6650304,142954
2017-12-11,6639456,139850
2017-12-12,6644544,140439
2017-12-13,6646848,146320
2017-12-14,6648384,143893
2017-12-15,6652992,139151
2017-12-16,6650688,134383
2017-12-17,6650880,139728
2017-12-18,6652416,142256
2017-12-19,6652416,149460
2017-12-20,6655872,134429
2017-12-21,6655872,128105
2017-12-22,6655872,125019
2017-12-23,6655872,117339
2017-12-24,6656064,116063
2017-12-25,6655872,128144
2017-12-26,6655872,124772
2017-12-27,6655872,117542
2017-12-28,6655872,117580
2017-12-29,6655872,115647
2017-12-30,6655872,119097
2017-12-31,6656064,116137
2018-01-01,6655872,127805
2018-01-02,6655872,120326
2018-01-03,6655872,115714
2018-01-04,6655872,113873
2018-01-05,6655872,111567
2018-01-06,6655872,117441
2018-01-07,6656064,116223
2018-01-08,6655872,120461
2018-01-09,6655872,119293
2018-01-10,6655872,120249
2018-01-11,6655872,134807
2018-01-12,6659424,137970
2018-01-13,6659424,140922
2018-01-14,6659616,135787
2018-01-15,6660480,135775
2018-01-16,6659424,154744
2018-01-17,6660192,145330
2018-01-18,6658752,135345
2018-01-19,6658752,135237
2018-01-20,6658752,130761
2018-01-21,6658944,131523
2018-01-22,6658752,129456
2018-01-23,6662400,141695
2018-01-24,6662400,135281
2018-01-25,6664704,135595
2018-01-26,6664704,136405
2018-01-27,6664704,315491
2018-01-28,6664704,181239
2018-01-29,6664704,144624
2018-01-30,6666336,136023
2018-01-31,6666336,136393
2018-02-01,6668064,137383
2018-02-02,6667968,137575
2018-02-03,6667968,136777
2018-02-04,6667968,138384
2018-02-05,6668256,143743
2018-02-06,6669312,141779
2018-02-07,6671232,148494
2018-02-08,6671232,140155
2018-02-09,6671232,137798
2018-02-10,6671232,140548
2018-02-11,6671232,136949
2018-02-12,6676512,138314
2018-02-13,6672672,134446
2018-02-14,6672288,153202
2018-02-15,6672288,139516
2018-02-16,6674592,138245
2018-02-17,6674592,140303
2018-02-18,6674592,138372
2018-02-19,6674592,144638
2018-02-20,6674592,142848
2018-02-21,6674592,144773
2018-02-22,6674592,146094
2018-02-23,6674592,146724
2018-02-24,6674592,147592
2018-02-25,6674592,146683
2018-02-26,6674784,149019
2018-02-27,6676896,154470
2018-02-28,6676896,138651
2018-03-01,6677472,141783
2018-03-02,6677472,137784
2018-03-03,6677472,137102
2018-03-04,6677472,136582
2018-03-05,6679776,140935
2018-03-06,6679776,141072
2018-03-07,6679776,142406
2018-03-08,6682080,153429
2018-03-09,6682080,148964
2018-03-10,6682080,147399
2018-03-11,6682080,145741
2018-03-12,6682080,152775
2018-03-13,6682080,148206
2018-03-14,6677856,144269
2018-03-15,6676512,146625
2018-03-16,6676800,143925
2018-03-17,6676800,143798
2018-03-18,6676800,149494
2018-03-19,6676800,145682
2018-03-20,6676800,156881
2018-03-21,6675840,141193
2018-03-22,6675840,139337
2018-03-23,6676704,142948
2018-03-24,6676704,141769
2018-03-25,6676704,146428
2018-03-26,6676704,143111
2018-03-27,6676704,140811
2018-03-28,6676704,139592
2018-03-29,6678240,137305
2018-03-30,6678240,142181
2018-03-31,6678240,148361
2018-04-01,6678240,142933
2018-04-02,6678240,151469
2018-04-03,6678240,146989
2018-04-04,6678240,145980
2018-04-05,6679392,145294
2018-04-06,6679392,141143
2018-04-07,6676032,141353
2018-04-08,6676032,138732
2018-04-09,6676032,141379
2018-04-10,6676032,145662
2018-04-11,6674496,147100
2018-04-12,6675264,147425
2018-04-13,6677568,150445
2018-04-14,6677568,156522
2018-04-15,6677280,159030
2018-04-16,6679392,149963
2018-04-17,6680448,151651
2018-04-18,6680832,151698
2018-04-19,6680832,156571
2018-04-20,6680832,157894
2018-04-21,6680832,156346
2018-04-22,6680832,149905
2018-04-23,6680832,158184
2018-04-24,6680832,171199
2018-04-25,6680832,153576
2018-04-26,6681504,149035
2018-04-27,6682368,150767
2018-04-28,6681216,152424
2018-04-29,6681216,151977
2018-04-30,6681216,155742
2018-05-01,6679296,159218
2018-05-02,6679200,159260
2018-05-03,6681504,163755
2018-05-04,6681504,374167
2018-05-05,6681504,178025
2018-05-06,6681504,165460
2018-05-07,6681504,168002
2018-05-08,6681504,172508
2018-05-09,6681504,170264
2018-05-10,6681504,167770
2018-05-11,6679872,169109
2018-05-12,6679872,160643
2018-05-13,6679872,159799
2018-05-14,6679872,165625
2018-05-15,6679872,167321
2018-05-16,6680832,167538
2018-05-17,6683136,171009
2018-05-18,6685440,172516
2018-05-19,6685440,167693
2018-05-20,6685440,165081
2018-05-21,6687744,474522
2018-05-22,6687744,202545
2018-05-23,6688032,181795
2018-05-24,6688032,179583
2018-05-25,6688032,176814
2018-05-26,6688032,170294
2018-05-27,6688032,171096
2018-05-28,6688032,177234
2018-05-29,6688032,173040
2018-05-30,6688032,173164
2018-05-31,6688512,171085
2018-06-01,6688512,171560
2018-06-02,6687552,165217
2018-06-03,6687552,167350
2018-06-04,6689088,173883
2018-06-05,6689472,175195
2018-06-06,6689472,173968
2018-06-07,6689472,175976
2018-06-08,6689472,173266
2018-06-09,6689472,167909
2018-06-10,6689472,171594
2018-06-11,6689472,177499
2018-06-12,6690432,174825
2018-06-13,6688512,297084
2018-06-14,6690816,188291
2018-06-15,6693120,181999
2018-06-16,6691488,178642
2018-06-17,6691488,180451
2018-06-18,6691488,184338
2018-06-19,6691488,184823
2018-06-20,6691488,180567
2018-06-21,6691008,178002
2018-06-22,6691008,177881
2018-06-23,6691008,177723
2018-06-24,6691008,174919
2018-06-25,6691104,178806
2018-06-26,6691104,200273
2018-06-27,6691104,174069
2018-06-28,6691104,172877
2018-06-29,6691104,173596
2018-06-30,6691104,175465
2018-07-01,6691104,174572
2018-07-02,6692832,175341
2018-07-03,6692832,173237
2018-07-04,6691584,172604
2018-07-05,6692064,168629
2018-07-06,6692064,165442
2018-07-07,6692064,163669
2018-07-08,6692064,160626
2018-07-09,6692448,160002
2018-07-10,6693120,162655
2018-07-11,6694560,161636
2018-07-12,6696576,161157
2018-07-13,6704352,166206
2018-07-14,6704352,170482
2018-07-15,6704352,170236
2018-07-16,6706560,173608
2018-07-17,6722688,186088
2018-07-18,6733440,195062
2018-07-19,6732960,202435
2018-07-20,6732960,197898
2018-07-21,6732960,199232
2018-07-22,6732960,200655
2018-07-23,6733152,202191
2018-07-24,6734592,199113
2018-07-25,6734592,197553
2018-07-26,6735648,195721
2019-01-01,6789024,201855
2019-01-02,6789024,190647
2019-01-03,6789024,195327
2019-01-04,6789024,203925
2019-01-05,6789024,193261
2019-01-06,6789024,191437
2019-01-07,6789024,196295
2019-01-08,6790080,197868
2019-01-09,6790080,197083
2019-01-10,6790080,236024
2019-01-11,6790080,233830
2019-01-12,6790080,225773
2019-01-13,6790080,224415
2019-01-14,6790080,238824
2019-01-15,6792384,237571
2019-01-16,6790752,224987
2019-01-17,6794592,227771
2019-01-18,6796416,214294
2019-01-19,6796416,208183
2019-01-20,6796416,207012
2019-01-21,6798720,207739
2019-01-22,6798720,210438
2019-01-23,6798720,198138
2019-01-24,6798720,193345
2019-01-25,6796416,228006
2019-01-26,6796416,174632
2019-01-27,6796416,173121
2019-01-28,6796416,183003
2019-01-29,6796608,186790
2019-01-30,6796608,198044
2019-01-31,6798912,192593
2019-02-01,6798912,185931
2019-02-02,6798912,184569
2019-02-03,6798912,184706
2019-02-04,6799680,186409
2019-02-05,6799872,181717
2019-02-06,6800928,184178
2019-02-07,6799008,175278
2019-02-08,6797280,172555
2019-02-09,6797280,170345
2019-02-10,6797280,164409
2019-02-11,6797280,167035
2019-02-12,6797664,168464
2019-02-13,6798240,168643
2019-02-14,6800256,167451
2019-02-15,6803328,167008
2019-02-16,6803328,166877
2019-02-17,6803328,167125
2019-02-19,6803328,174687
2019-02-20,6803328,168292
2019-02-21,6803328,167615
2019-02-22,6804960,171770
2019-02-23,6804960,176107
2019-02-24,6804960,177379
2019-02-25,6806688,182542
2019-02-26,6806976,180033
2019-02-28,6809760,187945
2019-03-01,6810336,188885
2019-03-02,6810336,178118
2019-03-03,6810336,175854
2019-03-04,6810336,177457
2019-03-05,6811680,181351
2019-03-06,6809760,186687
2019-03-07,6812064,180844
2019-03-08,6812064,194858
2019-03-09,6812064,182041
2019-03-10,6812064,182256
2019-03-11,6812064,187833
2019-03-12,6814368,185130
2019-03-13,6814368,183928
2019-03-14,6816672,186455
2019-03-15,6818208,187077
2019-03-16,6818208,191770
2019-03-17,6818976,187975
2019-03-18,6821280,191767
2019-03-19,6820896,189675
2019-03-20,6823680,193522
2019-03-21,6828288,197204
2019-03-22,6832896,211208
2019-03-23,6832896,207225
2019-03-24,6832896,206941
2019-03-25,6832896,206503
2019-03-26,6838752,208586
2019-03-27,6841056,211812
2019-03-28,6839520,206335
2019-03-29,6841824,204609
2019-03-30,6841824,201457
2019-03-31,6841824,196939
2019-04-01,6844128,203668
2019-04-02,6846144,207150
2019-04-03,6848448,199498
2019-04-04,6848448,198831
2019-04-05,6850752,202528
2019-04-06,6850752,201362
2019-04-07,6850752,199311
2019-04-08,6853056,202557
2019-04-09,6853056,200285
2019-04-10,6853056,201696
2019-04-11,6855360,204785
2019-04-13,6857664,203742
2019-04-14,6857664,206449
2019-04-15,6858336,204946
2019-04-16,6860640,200604
2019-04-17,6860640,205044
2019-04-18,6860640,197804
2019-04-19,6860640,202675
2019-04-20,6860640,197298
2019-04-21,6860640,195053
2019-04-22,6860640,202982
2019-04-23,6860640,198748
2019-04-24,6860640,197033
2019-04-25,6860640,200388
2019-04-26,6860640,199767
2019-04-27,6860640,196339
2019-04-28,6860640,194676
2019-04-29,6860640,194073
2019-05-01,6860640,190914
2019-05-02,6862944,190574
2019-05-03,6862944,184520
2019-05-04,6862944,186631
2019-05-05,6862944,185154
2019-05-06,6863040,187413
2019-05-07,6863040,182255
2019-05-08,6863040,179171
2019-05-09,6865344,176576
2019-05-10,6865344,177516
2019-05-11,6865344,180508
2019-05-12,6865344,179008
2019-05-13,6867648,185160
2019-05-14,6867648,188248
2019-05-15,6867648,186453
2019-05-16,6867648,183965
2019-05-17,6867648,184902
2019-05-18,6867648,181854
2019-05-19,6867648,178058
2019-05-20,6867648,184256
2019-05-21,6867936,186275
2019-05-22,6867936,181928
2019-05-24,6875232,183432
2019-05-25,6875232,186064
2019-05-26,6875232,186622
2019-05-27,6877536,188441
2019-05-28,6877920,611676
2019-05-29,6879072,196381
2019-05-30,6879168,190166
2019-05-31,6883200,184359
2019-06-01,6883200,184328
2019-06-02,6883200,181923
2019-06-03,6883200,186930
2019-06-04,6883200,188202
2019-06-05,6883200,186604
2019-06-06,6883200,185099
2019-06-07,6883200,183279
2019-06-08,6883200,187802
2019-06-09,6883200,189748
2019-06-10,6883200,194694
2019-06-11,6883200,191551
2019-06-12,6884544,188641
2019-06-13,6887616,189577
2019-06-14,6889920,185153
2019-06-15,6888480,182409
2019-06-16,6888480,182073
2019-06-17,6888480,182913
2019-06-18,6888672,183280
2019-06-19,6889632,184226
2019-06-20,6892512,190726
2019-06-21,6895872,178478
2019-06-22,6895872,184888
2019-06-23,6895872,181817
2019-06-24,6895872,179350
2019-06-25,6895872,179335
2019-06-26,6898176,176876
2019-06-27,6900672,176545
2019-06-28,6904032,176046
2019-06-29,6904032,178402
2019-06-30,6904032,174244
2019-07-01,6905760,173574
2019-07-02,6905760,172100
2019-07-03,6909408,173418
2019-07-04,6914016,526439
2019-07-05,6914016,174541
2019-07-06,6914016,172564
2019-07-07,6914016,172751
2019-07-08,6914112,177406
2019-07-09,6914976,245209
2019-07-10,6917664,175753
2019-07-11,6921888,172237
2019-07-12,6921888,168775
2019-07-13,6921888,169215
2019-07-14,6921888,168396
2019-07-15,6926496,166474
2019-07-16,6926496,169034
2019-07-17,6925344,169867
2019-07-18,6925440,173682
2019-07-19,6925536,170560
2019-07-20,6925536,164886
2019-07-21,6925536,165405
2019-07-22,9503424,196116
2019-07-23,9504576,264295
2019-07-24,9501408,263058
2019-07-25,9501408,265260
2019-07-26,9501408,261947
2019-07-27,9501408,259768
2019-07-28,9501408,257471
2019-07-29,9501408,258174
2019-07-30,9501888,291840
2019-07-31,9501888,241238
2019-08-01,9501888,241962
2019-08-02,9501888,244132
2019-08-03,9501888,238253
2019-08-04,9501888,242902
2019-08-05,9504192,242313
2019-08-06,9504192,237929
2019-08-07,9504192,233282
2019-08-08,9504192,233038
2019-08-09,9506496,231679
2019-08-10,9506496,227349
2019-08-11,9506496,226901
2019-08-12,9506496,225783
2019-08-13,9504960,224145
2019-08-14,9504960,222649
2019-08-15,9505344,226267
2019-08-16,9505344,222478
2019-08-17,9505344,220583
2019-08-18,9505344,222831
2019-08-19,9505344,222017
2019-08-20,9505344,227228
2019-08-21,9505344,223818
2019-08-22,9505344,227262
2019-08-23,9505344,220942
2019-08-24,9505344,214142
2019-08-25,9505344,211070
2019-08-26,9505536,219332
2019-08-27,9501888,218151
2019-08-28,9504960,220106
2019-08-29,9504960,220650
2019-08-30,9504960,242674
2019-08-31,9504960,214716
2019-09-01,9504960,215052
2019-09-02,9504960,216393
2019-09-03,9504960,452768
2019-09-04,9504960,238464
2019-09-05,9504192,222595
2019-09-06,9504192,218554
2019-09-07,9504192,219050
2019-09-08,9504192,218142
2019-09-09,9504192,223802
2019-09-10,9504192,217038
2019-09-11,9506496,218193
2019-09-12,9506016,216030
2019-09-13,9506016,214678
2019-09-14,9506016,213944
2019-09-15,9506016,216401
2019-09-16,9504096,218716
2019-09-17,9504096,214654
2019-09-18,9504864,218639
2019-09-19,9504864,224479
2019-09-20,9507168,227493
2019-09-21,9505632,234903
2019-09-22,9505632,277938
2019-09-23,9505632,241815
2019-09-24,9505632,246075
2019-09-25,9507936,250275
2019-09-26,9506976,250855
2019-09-27,9506976,234380
2019-09-28,9506976,233115
2019-09-29,9506976,232973
2019-09-30,9506976,234589
2019-10-01,9506208,234612
2019-10-02,9506208,232051
2019-10-04,9510816,234779
2019-10-05,9510816,495189
2019-10-06,9510816,223972
2019-10-07,9510816,236234
2019-10-08,9510816,233129
2019-10-09,9510816,229645
2019-10-10,9510816,229916
2019-10-11,9510816,230075
2019-10-12,9510816,228818
2019-10-13,9510816,228667
2019-10-14,9510816,230339
2019-10-15,9515424,238217
2019-10-16,9515424,241678
2019-10-17,9514272,241535
2019-10-18,9514272,242063
2019-10-19,9514272,239950
2019-10-20,9514272,237127
2019-10-21,9516864,243504
2019-10-22,9519168,251046
2019-10-23,9521472,250894
2019-10-24,9521472,261007
2019-10-25,9521472,258120
2019-10-26,9521472,250525
2019-10-27,9521472,245724
2019-10-28,9521472,248035
2019-10-29,9521472,243144
2019-10-30,9521472,244068
2019-10-31,9521472,241327
2019-11-01,9521856,244281
2019-11-02,9521856,247342
2019-11-03,9521856,244261
2019-11-04,9521856,252212
2019-11-05,9521856,245986
2019-11-06,9524160,242687
2019-11-07,9523392,246852
2019-11-08,9523392,249027
2019-11-09,9523392,245309
2019-11-10,9523392,245212
2019-11-11,9523584,252439
2019-11-12,9523584,253055
2019-11-13,9525888,261530
2019-11-14,9525888,263769
2019-11-15,9525888,258738
2019-11-16,9525888,266285
2019-11-17,9525888,263843
2019-11-18,9525888,258998
2019-11-19,9525888,260309
2019-11-20,9525888,264664
2019-11-21,9530496,321444
2019-11-22,9530496,267137
2019-11-23,9530496,260453
2019-11-24,9530496,256649
2019-11-25,9530496,258985
2019-11-26,9530496,259545
2019-11-27,9530496,255228
2019-11-28,9530496,286897
2019-11-29,9531648,262758
2019-11-30,9531648,255810
2019-12-01,9531648,256617
2019-12-02,9531648,255751
2019-12-03,9535776,256168
2019-12-04,9537600,251753
2019-12-05,9537984,270757
2019-12-06,9540288,248823
2019-12-07,9540288,247419
2019-12-08,9540288,185726
2019-12-09,9544896,254108
2019-12-10,9543264,251388
2019-12-11,9543264,254025
2019-12-13,9543264,247576
2019-12-14,9543264,240748
2019-12-15,9543264,241137
2019-12-16,9543648,242462
2019-12-17,9542112,245505
2019-12-18,9542112,244745
2019-12-19,9542112,232280
2019-12-20,9542112,252384
2019-12-21,9542112,239380
2019-12-22,9542112,229998
2019-12-23,9542112,230404
2019-12-24,9542112,228037
2019-12-25,9542112,240277
2019-12-26,9542112,233144
2019-12-27,9542112,234124
2019-12-28,9542112,232059
2019-12-29,9542112,230269
2019-12-30,9542112,245699
2019-12-31,9542112,256741
2020-01-01,9542112,242303
2020-01-02,9542112,241402
2020-01-03,9542112,247683
2020-01-04,9542112,247486
2020-01-05,9542112,247715
2020-01-06,9542112,251798
2020-01-07,9542112,252242
2020-01-08,9542112,249950
2020-01-09,9542112,248917
2020-01-10,9542976,253929
2020-01-11,9542976,245256
2020-01-12,9542976,246194
2020-01-13,9542976,250006
2020-01-14,9542976,247832
2020-01-15,9541920,252491
2020-01-16,9541920,248038
2020-01-17,9541920,240997
2020-01-18,9541920,238470
2020-01-19,9541920,245141
2020-01-20,9541920,255239
2020-01-21,9543168,253203
2020-01-22,9543168,257749
2020-01-23,9543168,248318
2020-01-24,9545472,238876
2020-01-25,9544416,292995
2020-01-26,9544416,229612
2020-01-27,9544416,235056
2020-01-28,9546720,254473
2020-01-29,9544608,253564
2020-01-30,9546912,267836
2020-01-31,9546912,268817
2020-02-01,9546912,253966
2020-02-02,9546912,251119
2020-02-03,9547776,252562
2020-02-04,9547776,249370
2020-02-05,9547776,249976
2020-02-06,9547776,247674
2020-02-07,9548544,243501
2020-02-08,9548544,243070
2020-02-09,9548544,243082
2020-02-10,9548544,246475
2020-02-11,9550848,252202
2020-02-12,9553152,246602
2020-02-13,9555456,248465
2020-02-14,9555456,265563
2020-02-15,9555456,266415
2020-02-16,9555456,265774
2020-02-17,9555456,274399
2020-02-18,9554304,257728
2020-02-19,9554592,259709
2020-02-20,9559200,271554
2020-02-21,9561504,255035
2020-02-22,9561504,253135
2020-02-23,9561504,258607
2020-02-24,9561504,261665
2020-02-25,9560064,256543
2020-02-26,9562368,255349
2020-02-27,9562368,258464
2020-02-28,9562368,255087
2020-02-29,9562368,256572
2020-03-01,9562368,260593
2020-03-02,9562368,262799
2020-03-03,9562368,266273
2020-03-04,9562368,263733
2020-03-05,9562368,272245
2020-03-06,9560832,267512
2020-03-07,9560832,265225
2020-03-08,9560832,263593
2020-03-09,9560832,268408
2020-03-10,9560832,265402
2020-03-11,9563136,263670
2020-03-12,9561408,260107
2020-03-13,9560928,259636
2020-03-14,9560928,259285
2020-03-15,9560928,259984
2020-03-16,9563232,265057
2020-03-17,9563232,268655
2020-03-18,9563232,263578
2020-03-19,9566496,262036
2020-03-20,9568800,261159
2020-03-21,9568800,262805
2020-03-22,9568800,264794
2020-03-23,9568800,269627
2020-03-24,9568800,272121
2020-03-25,9568992,272019
2020-03-26,9567456,267576
2020-03-27,9567456,267320
2020-03-28,9567456,265569
2020-03-29,9567456,260648
2020-03-30,9569760,265314
2020-03-31,9572064,275909
2020-04-01,9575520,267893
2020-04-02,9580128,271629
2020-04-03,9579360,272065
2020-04-04,9579360,283150
2020-04-05,9580128,290542
2020-04-06,9584736,298520
2020-04-07,9584736,294283
2020-04-08,9584736,286815
2020-04-09,9587040,286898
2020-04-10,9585504,291954
2020-04-11,9585504,293855
2020-04-12,9585504,282206
2020-04-13,9585504,288043
2020-04-14,9585504,282920
2020-04-15,9587808,281141
2020-04-16,9587520,279416
2020-04-17,9587520,279589
2020-04-18,9587520,270976
2020-04-19,9587520,277232
2020-04-20,9587520,278713
2020-04-21,9587520,288617
2020-04-22,9587520,277141
2020-04-23,9589824,274439
2020-04-24,9592128,268377
2020-04-25,9592128,267636
2020-04-26,9592128,269766
2020-04-27,9594432,271920
2020-04-28,9594432,273913
2020-04-29,9594432,275778
2020-05-01,9599040,276310
2020-05-02,9597120,274167
2020-05-03,9597120,268679
2020-05-04,9597120,272326
2020-05-05,9600576,278064
2020-05-06,9605184,282705
2020-05-07,9605184,284421
2020-05-08,9605472,285122
2020-05-09,9605472,285583
2020-05-10,9605472,284589
2020-05-11,9605472,289609
2020-05-12,9607776,292434
2020-05-13,9607776,288999
2020-05-14,9608544,306040
2020-05-15,9607776,284534
2020-05-16,9608544,289531
2020-05-17,9608544,299266
2020-05-18,9610848,296552
2020-05-19,9610848,295272
2020-05-20,9610848,295599
2020-05-21,9610848,287814
2020-05-22,9610848,286778
2020-05-23,9610848,283983
2020-05-24,9610848,282107
2020-05-25,9613152,288840
2020-05-26,9617760,294772
2020-05-27,9616608,295677
2020-05-28,9617280,296350
2020-05-29,9615168,291952
2020-05-30,9615168,290137
2020-05-31,9615168,288252
2020-06-01,9619008,295846
2020-06-02,9621312,314393
2020-06-04,9626208,296138
2020-06-05,9630240,295316
2020-06-06,9630240,292633
2020-06-07,9630240,292788
2020-06-08,9630240,301322
2020-06-09,9630240,301705
2020-06-10,9634848,303717
2020-06-11,9634848,301174
2020-06-12,9634848,299014
2020-06-13,9634848,298837
2020-06-14,9634848,293589
2020-06-15,9637152,295452
2020-06-16,9637152,296603
2020-06-17,9637152,290394
2020-06-18,9637152,288513
2020-06-19,9637152,292000
2020-06-20,9635616,291693
2020-06-21,9637920,292821
2020-06-22,9637920,289691
2020-06-23,9637920,288676
2020-06-24,9637920,341918
2020-06-25,9637920,286175
2020-06-26,9640224,285614
2020-06-27,9640224,289850
2020-06-28,9640224,293472
2020-06-29,9640224,294380
2020-06-30,9640224,293889
2020-07-01,9640224,295638
2020-07-02,9640224,296934
2020-07-03,9640224,293140
2020-07-04,9640224,294465
2020-07-05,9640224,293910
2020-07-06,9640224,294407
2020-07-07,9640224,293975
2020-07-08,9638592,291585
2020-07-09,9639744,290476
2020-07-10,9638400,286542
2020-07-11,9636096,286246
2020-07-12,9636096,284295
2020-07-13,9637440,286321
2020-07-14,9639744,286768
2020-07-15,9639744,289167
2020-07-16,9637440,287917
2020-07-17,9637440,288289
2020-07-18,9637440,289289
2020-07-19,9637440,288365
2020-07-20,9637440,284217
2020-07-21,9637440,285968
2020-07-22,9636096,281642
2020-07-23,9636096,283412
2020-07-24,9640704,279412
2020-07-25,9638400,278385
2020-07-26,9638400,280458
2020-07-27,9638400,279943
2020-07-28,9645312,286668
2020-07-29,9647616,283609
2020-07-30,9649920,282182
2020-07-31,9654528,285763
2020-08-01,9653184,283564
2020-08-02,9653184,284605
2020-08-03,9657792,284179
2020-08-04,9655488,286128
2020-08-05,9655008,281524
2020-08-06,9650400,283602
2020-08-08,9650400,279377
2020-08-09,9650400,279977
2020-08-10,9650400,284453
2020-08-11,9650400,282509
2020-08-12,9650400,281127
2020-08-13,9650400,279158
2020-08-14,9652704,277438
2020-08-15,9652704,275382
2020-08-16,9651744,276441
2020-08-17,9651744,278174
2020-08-18,9654048,280395
2020-08-19,9654048,279935
2020-08-20,9654048,281280
2020-08-21,9656352,278209
2020-08-22,9656352,283434
2020-08-23,9656352,284896
2020-08-24,9656352,287248
2020-08-25,9656352,297546
2020-08-26,9656352,286612
2020-08-27,9656352,333163
2020-08-28,9656352,343606
2020-08-29,9656352,289782
2020-08-30,9656352,288421
2020-08-31,9656352,284197
2020-09-01,9658656,288003
2020-09-02,9658656,289425
2020-09-03,9658656,289890
2020-09-04,9658656,285805
2020-09-05,9658656,289212
2020-09-06,9658656,287100
2020-09-07,9658656,291033
2020-09-08,9658656,295654
2020-09-09,9658656,296476
2020-09-10,9658656,297250
2020-09-11,9660960,295145
2020-09-12,9660960,298025
2020-09-13,9660960,298861
2020-09-14,9660960,299153
2020-09-15,9660960,297114
2020-09-16,9663264,308356
2020-09-17,9663264,298238
2020-09-18,9663264,301687
2020-09-19,9663264,299853
2020-09-20,9663264,296732
2020-09-21,9663264,296659
2020-09-22,9665568,306930
2020-09-23,9665568,314029
2020-09-24,9665568,309087
2020-09-26,9666336,297755
2020-09-27,9666336,295581
2020-09-28,9670944,296802
2020-09-29,9673248,297826
2020-09-30,9671616,294668
2020-10-01,9675456,292639
2020-10-02,9675456,294008
2020-10-03,9674112,295906
2020-10-04,9674112,288676
2020-10-05,9676416,294486
2020-10-06,9676416,288985
2020-10-07,9676416,285759
2020-10-08,9678720,294518
2020-10-09,9678720,286210
2020-10-10,9678720,309184
2020-10-11,9678720,285780
2020-10-12,9678720,289525
2020-10-13,9681024,290275
2020-10-14,9679872,291358
2020-10-15,9686304,288915
2020-10-16,9688608,288949
2020-10-17,9688608,1201702
2020-10-18,9688608,299852
2020-10-19,9688608,295305
2020-10-20,9688608,290723
2020-10-21,9690912,287902
2020-10-22,9690912,288437
2020-10-23,9690912,288570
2020-10-24,9690912,290407
2020-10-25,9690912,287323
2020-10-26,9693216,294440
2020-10-27,9693216,297778
2020-10-28,9695520,294214
2020-10-29,9696768,297313
2020-10-30,9696768,301106
2020-10-31,9696768,325042
2020-11-01,9696768,296224
2020-11-02,9696768,291668
2020-11-03,9696768,294935
2020-11-04,9696768,289307
2020-11-05,9696768,295315
2020-11-06,9699072,291414
2020-11-07,9699072,293067
2020-11-08,9699072,290698
2020-11-09,9699072,292277
2020-11-10,9701376,290567
2020-11-11,9701376,290836
2020-11-12,9701376,285447
2020-11-13,9699264,277020
2020-11-14,9699264,278985
2020-11-15,9699264,283679
2020-11-16,9701568,309157
2020-11-17,9702240,290800
2020-11-18,9699456,290143
2020-11-19,9699456,292503
2020-11-20,9701760,295514
2020-11-21,9701760,294955
2020-11-22,9701760,294798
2020-11-23,9701760,296582
2020-11-24,9701760,290623
2020-11-25,9701760,293924
2020-11-26,9704064,293403
2020-11-27,9704064,295941
2020-11-28,9704064,296559
2020-11-29,9704064,298820
2020-11-30,9706368,301885
2020-12-01,9706368,297364
2020-12-02,9708672,293397
2020-12-03,9710976,294552
2020-12-04,9710976,292190
2020-12-05,9710976,298120
2020-12-06,9710976,297250
2020-12-07,9711168,292041
2020-12-08,9711168,303161
2020-12-09,9711168,311697
2020-12-10,9711168,289694
2020-12-11,9768768,342254
2020-12-12,9768768,339438
2020-12-13,9768768,339546
2020-12-14,9768768,347222
2020-12-15,9769824,343350
2020-12-16,9769824,343624
2020-12-17,9768672,345122
2020-12-18,9768672,336892
2020-12-19,9768480,330348
2020-12-20,9768480,331458
2020-12-21,9768480,331781
2020-12-22,9767136,330425
2020-12-23,9767136,325372
2020-12-24,9767136,322767
2020-12-25,9767136,330810
2020-12-26,9767136,324370
2020-12-27,9767136,328325
2020-12-28,9767136,326604
2020-12-29,9767136,327708
2020-12-30,9767136,328212
2020-12-31,9709536,266751
2021-01-01,9709536,269410
2021-01-02,9709536,268103
2021-01-03,9709536,267322
2021-01-04,9709536,266686
2021-01-05,9709536,271644
2021-01-06,9707424,269778
2021-01-07,9707424,276277
2021-01-08,9707424,278345
2021-01-09,9707424,278569
2021-01-10,9707424,278324
2021-01-11,9707424,282586
2021-01-12,9707424,276567
2021-01-13,9707424,276705
2021-01-14,9708192,278760
2021-01-15,9706848,282643
2021-01-16,9706848,281109
2021-01-17,9706848,282644
2021-01-18,9709152,282179
2021-01-19,9711456,287409
2021-01-20,9711456,293752
2021-01-21,9711456,296748
2021-01-22,9711456,288514
2021-01-23,9711456,280396
2021-01-24,9711456,288028
2021-01-25,9711456,287397
2021-01-26,9711456,288817
2021-01-27,9711456,284312
2021-01-28,9709248,281265
2021-01-29,9708096,282316
2021-01-30,9708096,277541
2021-01-31,9708096,278447
2021-02-01,9708096,280536
2021-02-02,9708096,282738
2021-02-03,9708480,284687
2021-02-04,9708480,289058
2021-02-05,9708480,286991
2021-02-06,9706368,284819
2021-02-07,9706368,282295
2021-02-09,9708672,289232
2021-02-10,9708672,287617
2021-02-11,9708672,282912
2021-02-12,9710976,283966
2021-02-13,9710976,280667
2021-02-14,9710976,279100
2021-02-15,9710976,282162
2021-02-16,9706752,287192
2021-02-17,9706752,282910
2021-02-18,9706752,286004
2021-02-19,9709056,285631
2021-02-20,9709056,286697
2021-02-21,9709056,291153
2021-02-22,9709056,287394
2021-02-23,9709056,288129
2021-02-24,9711360,291033
2021-02-25,9711360,290048
2021-02-26,9709536,288909
2021-02-27,9708480,287171
2021-02-28,9708480,287514
2021-03-01,9708480,290506
2021-03-02,9708480,293365
2021-03-03,9706944,296719
2021-03-04,9706944,292080
2021-03-05,9711552,293936
2021-03-06,9710112,296168
2021-03-07,9710112,297478
2021-03-08,9710112,300903
2021-03-09,9710112,296240
2021-03-10,9710112,294836
2021-03-11,9710112,308991
2021-03-12,9710112,298825
2021-03-13,9710112,307232
2021-03-14,9710112,296471
2021-03-15,9710112,295932
2021-03-16,9710112,298476
2021-03-17,9710112,299121
2021-03-18,9710112,313714
2021-03-19,9710112,299231
2021-03-20,9710112,296730
2021-03-21,9710112,298906
2021-03-22,9712416,299687
2021-03-23,9712416,295522
2021-03-24,9713184,286778
2021-03-25,9713184,288681
2021-03-26,9713184,284857
2021-03-27,9713184,286072
2021-03-28,9713184,290686
2021-03-29,9713184,291822
2021-03-30,9715488,284542
2021-03-31,9715872,278362
2021-04-01,9771168,336128
2021-04-02,9771168,340845
2021-04-03,9771168,337840
2021-04-04,9771168,336309
2021-04-05,9771168,340443
2021-04-06,9771168,339335
2021-04-07,9771168,343333
2021-04-08,9761472,342546
2021-04-09,9763776,344226
2021-04-10,9763776,348805
2021-04-11,9763776,347095
2021-04-12,9764544,343979
2021-04-13,9766848,346727
2021-04-14,9711552,292152
2021-04-15,9769152,347610
2021-04-16,9769152,339331
2021-04-17,9769152,337122
2021-04-18,9769152,339340
2021-04-19,9713856,284086
2021-04-20,9769152,353843
2021-04-21,9713856,287068
2021-04-22,9769152,343576
2021-04-23,9769152,339100
2021-04-24,9713856,283143
2021-04-25,9713856,281547
2021-04-26,9769152,337246
2021-04-27,9769152,335267
2021-04-28,9772320,341806
2021-04-29,9772320,339684
2021-04-30,9719328,287481
2021-05-01,9774624,342617
2021-05-02,9774624,340695
2021-05-03,9774624,342556
2021-05-04,9774624,346420
2021-05-05,9774624,344271
2021-05-06,9774432,340960
2021-05-07,9774432,340199
2021-05-08,9774432,337043
2021-05-09,9774432,335793
2021-05-10,9774432,340208
2021-05-11,9774432,333362
2021-05-12,9774432,329683
2021-05-13,9774432,333115
2021-05-14,9772512,329651
2021-05-15,9772512,337612
2021-05-16,9772512,332057
2021-05-17,9772512,334099
2021-05-18,9772512,347315
2021-05-19,9772512,333495
2021-05-20,9774240,333601
2021-05-21,9776544,335647
2021-05-22,9776544,340712
2021-05-23,9776544,337663
2021-05-24,9776544,341067
2021-05-25,9776544,343429
2021-05-26,9723552,284501
2021-05-27,9778848,341525
2021-05-28,9778848,342987
2021-05-29,9778848,346720
2021-05-30,9778848,347994
2021-05-31,9725856,292398
2021-06-01,9724416,291192
2021-06-02,9779712,343790
2021-06-03,9778944,342703
2021-06-04,9778944,339664
2021-06-05,9778944,349485
2021-06-06,9778944,342863
2021-06-07,9778944,335075
2021-06-08,9778944,332433
2021-06-09,9778944,355310
2021-06-10,9781248,604237
2021-06-11,9781248,460071
2021-06-12,9780000,371572
2021-06-13,9780000,343060
2021-06-14,9780000,334521
2021-06-15,9727008,279685
2021-06-16,9781152,341074
2021-06-17,9781152,345333
2021-06-18,9779616,332654
2021-06-19,9779616,332396
2021-06-20,9779616,328380
2021-06-21,9724320,278346
2021-06-22,9781920,361482
2021-06-23,9786528,351779
2021-06-24,9735840,301808
2021-06-25,9788832,360502
2021-06-26,9788832,354531
2021-06-27,9735840,296742
2021-06-28,9791136,343525
2021-06-29,9738144,275434
2021-06-30,9740448,274478
2021-07-01,9793440,326816
2021-07-02,9795744,332710
2021-07-03,9795744,335400
2021-07-04,9795744,332937
2021-07-05,9795744,337386
2021-07-06,9794304,334370
2021-07-07,9794304,335496
2021-07-08,9746688,285291
2021-07-09,9799680,334814
2021-07-10,9799680,337101
2021-07-11,9799680,336523
