site_id,name,total,lat,lng,source_top20_csv,lookup_name,lookup_lat,lookup_lng,coordinate_source,OBJECTID,prop_ufi,prop_pfi,prop_lga_code,prop_propnum,prop_property_type,prop_multi_assessment,prop_status,prop_task_id,prop_pfi_created,prop_ufi_old,prop_ufi_created,propv_task_id,propv_ufi,propv_pfi,propv_base_pfi,propv_centroid_pfi,propv_graphic_type,propv_z_level,propv_pfi_created,propv_ufi_old,propv_ufi_created,Shape__Area,Shape__Length
4415,PRINCES NR CANNING,674498771,-37.792825,144.973731,top_20_busiest_scats_sites_named.csv,PRINCES NR CANNING,-37.792825,144.973731,busiestSCATSsitesCOORDINATES.csv,834087,678767066,453340301,376,,O,N,P,359780.0,1653920251000.0,,1653920251000,400577,777584440,453340339,453340340,453340362,P,G,1653920290000.0,678767310,1688273523000,204.828125,72.15986455322687
3380,EASTERN FWY OFF RAMP/HODDLE,638170425,-37.795997,144.99397,top_20_busiest_scats_sites_named.csv,EASTERN FWY OFF RAMP/HODDLE,-37.795997,144.99397,busiestSCATSsitesCOORDINATES.csv,1667183,522502753,425231821,376,329620,O,Y,A,131551.0,1479994171000.0,,1479994171000,400577,777586298,424663110,425231834,424663109,P,G,1471443275000.0,538653593,1688273525000,5805.796875,348.9892474113497
2404,PHE/PARK,560184622,-37.833437,144.967764,top_20_busiest_scats_sites_named.csv,PHE/PARK,-37.833437,144.967764,busiestSCATSsitesCOORDINATES.csv,872889,264704640,50211703,358,183392,O,N,A,,,,1089898951000,392259,743038424,3718894,219064893,32263731,P,G,,713914639,1681619324000,4472.6796875,314.07460984053955
849,CANTERBURY/MITCHAM/BORONIA,548183949,-37.836096,145.195312,top_20_busiest_scats_sites_named.csv,CANTERBURY/MITCHAM/BORONIA,-37.836096,145.195312,busiestSCATSsitesCOORDINATES.csv,1322604,282862459,150613070,372,239534,O,Y,A,,,,1171660383000,393516,746582514,3293737,219074353,216593588,P,G,,415341010,1682833289000,9214.8984375,399.7486748508157
1359,WARRIGAL/LINKS ESTATE ACCESS,546970945,-37.922492,145.082756,top_20_busiest_scats_sites_named.csv,WARRIGAL/LINKS ESTATE ACCESS,-37.922492,145.082756,busiestSCATSsitesCOORDINATES.csv,2573637,578067085,430578175,348,277333,O,Y,A,251619.0,1565698129000.0,,1565698129000,395111,755744657,420841612,422676533,420841616,P,G,1409884415000.0,501239018,1684047063000,98330.75,1485.9293364099121
2487,PHE NR IRVING (LANSDOWNE),544715773,-37.859989,145.007416,top_20_busiest_scats_sites_named.csv,PHE NR IRVING (LANSDOWNE),-37.859989,145.007416,busiestSCATSsitesCOORDINATES.csv,1741941,265830891,173603460,363,,O,N,A,,1088606315000.0,,1094473396000,386222,722311915,2423296,208438618,22902263,P,G,,415209432,1676781689000,2079.5390625,183.55339441023895
3386,HODDLE/ALBERT/ELIZABETH,543973902,-37.811248,144.991117,top_20_busiest_scats_sites_named.csv,HODDLE/ALBERT/ELIZABETH,-37.811248,144.991117,busiestSCATSsitesCOORDINATES.csv,2232028,820536240,456247384,376,141315,O,Y,A,418788.0,1703148391000.0,,1703148391000,418788,820536581,2501088,456247575,23473209,P,G,,777594164,1703148401000,2287.0703125,191.8791512264832
2405,PHE/ALBERT,518575823,-37.83513,144.971089,top_20_busiest_scats_sites_named.csv,PHE/ALBERT,-37.83513,144.971089,busiestSCATSsitesCOORDINATES.csv,1121735,493749000,421678006,358,254857,O,Y,A,50507.0,,,1424180363000,468319,868082017,4252616,219062721,220711672,P,G,,743049739,1749048918000,840765.8203125,7483.992298303081
3519,MT ALEXANDER NR LINCOLN,513927484,-37.744751,144.910236,top_20_busiest_scats_sites_named.csv,MT ALEXANDER NR LINCOLN,-37.744751,144.910236,busiestSCATSsitesCOORDINATES.csv,3811086,280126766,203378237,349,228802,O,N,A,,1113407763000.0,,1157631571000,376768,709009936,203378155,206698149,203378070,P,G,1113407763000.0,414894629,1673283978000,4643.1328125,282.62124497362174
416,SPRINGVALE NR LAUGHLIN AVE,505992688,-37.82145,145.17544,top_20_busiest_scats_sites_named.csv,SPRINGVALE NR LAUGHLIN AVE,-37.82145,145.17544,busiestSCATSsitesCOORDINATES.csv,2977514,531613623,423872433,372,275901,O,N,A,1010.0,1460600301000.0,531613331.0,1494927889000,393516,746562239,423872462,423872463,423872466,P,G,1460600325000.0,531613788,1682833266000,3052.0078125,221.6588712953419
2101,EASTERN HWY/QUEENS/BRUNSWICK,497445056,-37.793121,144.979346,top_20_busiest_scats_sites_named.csv,EASTERN HWY/QUEENS/BRUNSWICK,-37.793121,144.979346,busiestSCATSsitesCOORDINATES.csv,237293,489167640,221087200,376,425650,O,N,A,37752.0,1363592272000.0,484948044.0,1412776774000,400577,777584573,221087182,221118002,221087154,P,G,1363592272000.0,484948096,1688273523000,931.34375,128.7244465584088
855,CANTERBURY/HEATHMONT,497003865,-37.829799,145.244803,top_20_busiest_scats_sites_named.csv,CANTERBURY/HEATHMONT,-37.829799,145.244803,busiestSCATSsitesCOORDINATES.csv,958684,498578835,214388028,342,216201,O,N,A,1004.0,1263391289000.0,498453566.0,1435321538000,1009,865583103,214388027,,220784196,P,G,1263391289000.0,814418243,1744729245000,165128.2890625,6335.809011702216
3357,MRR/GREENSBOROUGH HWY,495736142,-37.695056,145.092566,top_20_busiest_scats_sites_named.csv,MRR/GREENSBOROUGH HWY,-37.695056,145.092566,busiestSCATSsitesCOORDINATES.csv,836349,98827995,923089,303,181503,O,N,A,,,,972404914000,376767,706112915,2123881,,20755000,P,G,,687661236,1670364894000,1246.2890625,160.7316147055824
3516,BULLA NR HOLYROOD,494139005,-37.738597,144.906609,top_20_busiest_scats_sites_named.csv,BULLA NR HOLYROOD,-37.738597,144.906609,busiestSCATSsitesCOORDINATES.csv,2111416,103249312,52752554,349,224416,O,N,A,,,,985951669000,376768,709003603,4531565,,40264320,P,G,,414889073,1673283970000,416.359375,83.23893100155429
3060,BELL/HIGH,492433092,-37.745172,145.002817,top_20_busiest_scats_sites_named.csv,BELL/HIGH,-37.745172,145.002817,busiestSCATSsitesCOORDINATES.csv,160606,804387013,50300603,316,181037,O,Y,A,411127.0,,289607234.0,1697031947000,411127,804387007,1446724,218963205,13362785,P,G,,701009014,1697031947000,653.8046875,123.70997089518403
2816,DIAMOND CREEK RD/GREENSBOROUGH HWY/CIVIC,491145042,-37.68909,145.11328,top_20_busiest_scats_sites_named.csv,,,,manual_override_roundabout_database,934129,280219572,2023378,356,,O,N,A,,,,1158223670000,353322,698318056,2813676,,25523785,P,G,,415121556,1668310971000,18639.453125,1318.4121460694098
3393,PUNT/SWAN,489568230,-37.824602,144.988855,top_20_busiest_scats_sites_named.csv,PUNT/SWAN,-37.824602,144.988855,busiestSCATSsitesCOORDINATES.csv,3213706,290201576,202432619,376,166485,O,Y,A,,1097485900000.0,,1215204753000,494493,880342524,3158581,219087734,28071978,P,G,,878093139,1771732854000,2485.3671875,333.8661854298785
3376,HODDLE NR STUDLEY (NORTHBOUND),488890200,-37.8024,144.99245,top_20_busiest_scats_sites_named.csv,,,,manual_override_approx_hoddle_near_studley,4118522,670600437,208302737,376,118930,O,Y,A,1004.0,1161341956000.0,507088744.0,1642149441000,400577,777605449,208278812,208278857,208278811,P,G,1161012296000.0,633548801,1688273549000,1791.9609375,304.0928353601614
415,SPRINGVALE NR WALKERS/SILVER,488718913,-37.819786,145.175764,top_20_busiest_scats_sites_named.csv,SPRINGVALE NR WALKERS/SILVER,-37.819786,145.175764,busiestSCATSsitesCOORDINATES.csv,588594,261794953,2017012,372,204980,O,N,A,,,,1080735123000,489358,877956154,2406127,,22765000,P,G,,746559742,1767786618000,680.21875,122.23178896946257
414,SPRINGVALE NR TUNSTALL,486344942,-37.815046,145.176542,top_20_busiest_scats_sites_named.csv,SPRINGVALE NR TUNSTALL,-37.815046,145.176542,busiestSCATSsitesCOORDINATES.csv,1170694,566789517,429488637,372,250488,O,Y,A,226862.0,1547642854000.0,,1547642854000,484725,875553674,172712883,429488728,172712882,P,G,1079546089000.0,804344903,1762302258000,65896.609375,1275.2569805374874
