file,name,rows_estimate,usefulness_score_0_to_3,has_day_column,has_time_column,has_volume_column,columns,error
A:\TrafficAnalytics\PROJECTS\reports\deduped\all_scats_sites_map_data_audit.csv,all_scats_sites_map_data_audit.csv,4653,1,False,False,True,rank | site_id | friendly_name | site_name | site_name_from_volume_csv | signal_type | municipality | total_cleaned_volume | latitude | longitude | has_coordinates | percentile_rank | traffic_band | volume_ratio | lookup_source | google_maps_url,
A:\TrafficAnalytics\PROJECTS\reports\deduped\busiestSCATSsitesCOORDINATES.csv,busiestSCATSsitesCOORDINATES.csv,97,0,False,False,False,SCATS Site | Name | Latitude | Longitude,
A:\TrafficAnalytics\PROJECTS\reports\deduped\charts\busiest_day_by_year.csv,busiest_day_by_year.csv,13,2,True,False,True,month_label | month_start | next_month_start | count_date | day_total_volume | month_elapsed_seconds | completed_at_epoch | volume | year | date_label,
A:\TrafficAnalytics\PROJECTS\reports\deduped\charts\monthly_seasonality_average.csv,monthly_seasonality_average.csv,12,1,False,False,True,month_of_year | volume | month_name,
A:\TrafficAnalytics\PROJECTS\reports\deduped\charts\monthly_totals_cleaned_for_charts.csv,monthly_totals_cleaned_for_charts.csv,148,1,False,False,True,month_label | month | year | volume | volume_for_chart | is_known_data_gap | is_zero_volume,
A:\TrafficAnalytics\PROJECTS\reports\deduped\charts\processing_time_summary.csv,processing_time_summary.csv,6,1,False,False,True,source | total_hours | months_or_batches,
A:\TrafficAnalytics\PROJECTS\reports\deduped\charts\site_totals_from_monthly.csv,site_totals_from_monthly.csv,4758,1,False,False,True,site | volume | site_name | latitude | longitude | lookup_source,
A:\TrafficAnalytics\PROJECTS\reports\deduped\charts\time_bin_behaviour\time_bin_behaviour_metrics.csv,time_bin_behaviour_metrics.csv,66,0,False,False,False,metric | value,
A:\TrafficAnalytics\PROJECTS\reports\deduped\charts\time_bin_behaviour_v2\time_bin_behaviour_metrics.csv,time_bin_behaviour_metrics.csv,66,0,False,False,False,metric | value,
A:\TrafficAnalytics\PROJECTS\reports\deduped\charts\time_bin_profile\time_bin_profile_aggregated_96_bins.csv,time_bin_profile_aggregated_96_bins.csv,96,2,False,True,True,time_bin | total_volume | minutes | avg_daily_volume | period | period_colour,
A:\TrafficAnalytics\PROJECTS\reports\deduped\charts\time_bin_profile_aggregated.csv,time_bin_profile_aggregated.csv,96,2,False,True,True,time_bin | total_volume | distinct_dates | avg_daily_volume,
A:\TrafficAnalytics\PROJECTS\reports\deduped\charts\top_20_busiest_scats_sites_named.csv,top_20_busiest_scats_sites_named.csv,20,1,False,False,True,site | volume | site_name | latitude | longitude | lookup_source,
A:\TrafficAnalytics\PROJECTS\reports\deduped\charts\top_50_busiest_days.csv,top_50_busiest_days.csv,50,2,True,False,True,count_date | volume | date_label | day_name,
A:\TrafficAnalytics\PROJECTS\reports\deduped\charts\yearly_growth_from_monthly.csv,yearly_growth_from_monthly.csv,12,1,False,False,True,year | volume | yoy_pct_change,
A:\TrafficAnalytics\PROJECTS\reports\deduped\charts\yearly_totals_from_monthly.csv,yearly_totals_from_monthly.csv,13,1,False,False,True,year | volume,
A:\TrafficAnalytics\PROJECTS\reports\deduped\chunked_busiest_day_monthly.csv,chunked_busiest_day_monthly.csv,4438,2,True,False,True,month_label | month_start | next_month_start | count_date | day_total_volume | month_elapsed_seconds | completed_at_epoch,
A:\TrafficAnalytics\PROJECTS\reports\deduped\chunked_busiest_site_monthly.csv,chunked_busiest_site_monthly.csv,595055,1,False,False,True,month_label | month_start | next_month_start | scats_site | month_site_volume | month_elapsed_seconds | completed_at_epoch,
A:\TrafficAnalytics\PROJECTS\reports\deduped\chunked_busiest_time_bin_monthly.csv,chunked_busiest_time_bin_monthly.csv,14113,2,False,True,True,month_label | month_start | next_month_start | time_bin | month_time_bin_volume | month_distinct_dates | month_avg_daily_time_bin_volume | month_elapsed_seconds | completed_at_epoch,
A:\TrafficAnalytics\PROJECTS\reports\deduped\chunked_peak_shares_monthly.csv,chunked_peak_shares_monthly.csv,148,1,False,False,True,month_label | month_start | next_month_start | month_total_volume | month_am_volume | month_pm_volume | month_am_share_pct | month_pm_share_pct | month_elapsed_seconds | completed_at_epoch,
A:\TrafficAnalytics\PROJECTS\reports\deduped\chunked_total_cleaned_volume_monthly.csv,chunked_total_cleaned_volume_monthly.csv,148,1,False,False,True,month_label | month_start | next_month_start | month_total_cleaned_volume | month_elapsed_seconds | completed_at_epoch,
A:\TrafficAnalytics\PROJECTS\reports\deduped\daily_totals.csv,daily_totals.csv,4438,2,True,False,True,month_label | month_start | next_month_start | count_date | day_total_volume | month_elapsed_seconds | completed_at_epoch,
A:\TrafficAnalytics\PROJECTS\reports\deduped\day_of_week_charts\day_of_week_final_summary.csv,day_of_week_final_summary.csv,7,2,True,False,True,iso_dow | day_name | total_volume | days_loaded | avg_daily_volume,
A:\TrafficAnalytics\PROJECTS\reports\deduped\day_of_week_charts_v2\v2_day_summary.csv,v2_day_summary.csv,7,2,True,False,True,iso_dow | day_name | total_volume | days_loaded | avg_daily_volume,
A:\TrafficAnalytics\PROJECTS\reports\deduped\day_of_week_charts_v2\v2_yearly_day_metrics.csv,v2_yearly_day_metrics.csv,13,2,True,False,True,year | Monday | Tuesday | Wednesday | Thursday | Friday | Saturday | Sunday | Friday_vs_Monday_pct | Friday_vs_Sunday_pct | Monday_vs_weekday_avg_pct,
A:\TrafficAnalytics\PROJECTS\reports\deduped\day_of_week_profile.csv,day_of_week_profile.csv,1030,2,True,False,True,month_label | month_start | next_month_start | iso_dow | day_name | day_total_volume | days_loaded | avg_daily_volume | month_elapsed_seconds | completed_at_epoch | row_type,
A:\TrafficAnalytics\PROJECTS\reports\deduped\didntwork\chunked_total_cleaned_volume_monthly.csv,chunked_total_cleaned_volume_monthly.csv,23,1,False,False,True,month_label | month_start | next_month_start | month_total_cleaned_volume | month_elapsed_seconds | completed_at_epoch,
A:\TrafficAnalytics\PROJECTS\reports\deduped\didntworkagainagain\chunked_busiest_site_monthly.csv,chunked_busiest_site_monthly.csv,10309,1,False,False,True,month_label | month_start | next_month_start | scats_site | month_site_volume | month_elapsed_seconds | completed_at_epoch,
A:\TrafficAnalytics\PROJECTS\reports\deduped\didntworkagan\chunked_total_cleaned_volume_monthly.csv,chunked_total_cleaned_volume_monthly.csv,1,1,False,False,True,month_label | month_start | next_month_start | month_total_cleaned_volume | month_elapsed_seconds | completed_at_epoch,
A:\TrafficAnalytics\PROJECTS\reports\deduped\distinct_sites.csv,distinct_sites.csv,1,0,False,False,False,distinct_sites,
A:\TrafficAnalytics\PROJECTS\reports\deduped\headline_metrics.csv,headline_metrics.csv,19,0,False,False,False,metric_name | metric_value,
A:\TrafficAnalytics\PROJECTS\reports\deduped\high_impact_charts\commercial_value_ranking_top25.csv,commercial_value_ranking_top25.csv,25,1,False,False,True,site_id | total_volume | site_name | absolute_growth | growth_pct | cv | volume_score | growth_score | stability_score | commercial_value_score | rank,
A:\TrafficAnalytics\PROJECTS\reports\deduped\high_impact_charts\declining_sites_top20.csv,declining_sites_top20.csv,20,1,False,False,True,site_id | first_avg | site_name | last_avg | absolute_growth | growth_pct | rank,
A:\TrafficAnalytics\PROJECTS\reports\deduped\high_impact_charts\month_of_year_profile_from_monthly_totals.csv,month_of_year_profile_from_monthly_totals.csv,12,1,False,False,True,month_num | month_name | avg_volume,
A:\TrafficAnalytics\PROJECTS\reports\deduped\high_impact_charts\network_stability_index.csv,network_stability_index.csv,147,1,False,False,True,month | mean_site_volume | std_site_volume | active_sites | network_cv,
A:\TrafficAnalytics\PROJECTS\reports\deduped\high_impact_charts\rising_sites_top20.csv,rising_sites_top20.csv,20,1,False,False,True,site_id | first_avg | site_name | last_avg | absolute_growth | growth_pct | rank,
A:\TrafficAnalytics\PROJECTS\reports\deduped\high_impact_charts\shock_detection_timeline.csv,shock_detection_timeline.csv,147,1,False,False,True,month | volume | rolling_median_12m | rolling_std_12m | z_score | shock_type,
A:\TrafficAnalytics\PROJECTS\reports\deduped\high_impact_charts\site_lifecycle_cluster_assignments.csv,site_lifecycle_cluster_assignments.csv,4539,1,False,False,True,site_id | first_avg | site_name | last_avg | absolute_growth | growth_pct | cv | mean_volume | lifecycle_type,
A:\TrafficAnalytics\PROJECTS\reports\deduped\high_impact_charts\site_lifecycle_cluster_summary.csv,site_lifecycle_cluster_summary.csv,4,1,False,False,True,lifecycle_type | sites | avg_monthly_growth | avg_cv | avg_mean_volume,
A:\TrafficAnalytics\PROJECTS\reports\deduped\high_impact_charts\traffic_concentration_curve.csv,traffic_concentration_curve.csv,4758,1,False,False,True,site_id | total_volume | site_name | rank | cum_volume | cum_share | site_share,
A:\TrafficAnalytics\PROJECTS\reports\deduped\high_impact_charts\traffic_concentration_milestones.csv,traffic_concentration_milestones.csv,4,0,False,False,False,traffic_pct | sites_needed | site_pct,
A:\TrafficAnalytics\PROJECTS\reports\deduped\high_impact_charts\traffic_momentum_index.csv,traffic_momentum_index.csv,147,1,False,False,True,month | volume | mom_pct | momentum_3m,
A:\TrafficAnalytics\PROJECTS\reports\deduped\high_impact_charts\weekday_profile.csv,weekday_profile.csv,7,2,True,False,True,weekday_num | weekday | avg_volume,
A:\TrafficAnalytics\PROJECTS\reports\deduped\in progress tests\chunked_busiest_day_monthly.csv,chunked_busiest_day_monthly.csv,2916,2,True,False,True,month_label | month_start | next_month_start | count_date | day_total_volume | month_elapsed_seconds | completed_at_epoch,
A:\TrafficAnalytics\PROJECTS\reports\deduped\in progress tests\chunked_busiest_site_monthly.csv,chunked_busiest_site_monthly.csv,271963,1,False,False,True,month_label | month_start | next_month_start | scats_site | month_site_volume | month_elapsed_seconds | completed_at_epoch,
A:\TrafficAnalytics\PROJECTS\reports\deduped\in progress tests\chunked_busiest_time_bin_monthly.csv,chunked_busiest_time_bin_monthly.csv,11617,2,False,True,True,month_label | month_start | next_month_start | time_bin | month_time_bin_volume | month_distinct_dates | month_avg_daily_time_bin_volume | month_elapsed_seconds | completed_at_epoch,
A:\TrafficAnalytics\PROJECTS\reports\deduped\in progress tests\day_of_week_profile.csv,day_of_week_profile.csv,561,2,True,False,True,month_label | month_start | next_month_start | iso_dow | day_name | day_total_volume | days_loaded | avg_daily_volume | month_elapsed_seconds | completed_at_epoch | row_type,
A:\TrafficAnalytics\PROJECTS\reports\deduped\in progress tests\month_of_year_profile.csv,month_of_year_profile.csv,90,2,True,False,True,month_label | month_start | next_month_start | month_of_year | month_name | month_total_volume | days_loaded | avg_daily_volume | month_elapsed_seconds | completed_at_epoch | row_type,
A:\TrafficAnalytics\PROJECTS\reports\deduped\in progress tests\site_month_totals.csv,site_month_totals.csv,486312,1,False,False,True,month_label | month_start | next_month_start | scats_site | month_site_volume | month_elapsed_seconds | completed_at_epoch | row_type,
A:\TrafficAnalytics\PROJECTS\reports\deduped\in progress tests\site_totals.csv,site_totals.csv,549347,1,False,False,True,month_label | month_start | next_month_start | scats_site | month_site_volume | month_elapsed_seconds | completed_at_epoch | row_type,
A:\TrafficAnalytics\PROJECTS\reports\deduped\in progress tests\time_bin_profile.csv,time_bin_profile.csv,10273,3,True,True,True,month_label | month_start | next_month_start | time_bin | month_time_bin_volume | days_in_month_loaded | month_elapsed_seconds | completed_at_epoch | row_type,
A:\TrafficAnalytics\PROJECTS\reports\deduped\in progress tests\weekday_weekend_split.csv,weekday_weekend_split.csv,105,2,True,False,True,month_label | month_start | next_month_start | month_total_volume | month_weekday_volume | month_weekend_volume | month_weekday_days | month_weekend_days | month_elapsed_seconds | completed_at_epoch | row_type,
A:\TrafficAnalytics\PROJECTS\reports\deduped\kepler_animation_exports\_chunks_covid_comparison_days_v4\chunk_00_2019-05-15_pre_covid_baseline.csv,chunk_00_2019-05-15_pre_covid_baseline.csv,355724,2,False,True,True,animation_timestamp | timestamp | date_label | comparison_sequence | comparison_period | time_label | hour | minute | site_id | site_name | latitude | longitude | volume | scaled_volume | scaled_volume_0_100 | intensity_band,
A:\TrafficAnalytics\PROJECTS\reports\deduped\kepler_animation_exports\_chunks_covid_comparison_days_v4\chunk_01_2020-08-05_lockdown___covid_shock.csv,chunk_01_2020-08-05_lockdown___covid_shock.csv,370742,2,False,True,True,animation_timestamp | timestamp | date_label | comparison_sequence | comparison_period | time_label | hour | minute | site_id | site_name | latitude | longitude | volume | scaled_volume | scaled_volume_0_100 | intensity_band,
A:\TrafficAnalytics\PROJECTS\reports\deduped\kepler_animation_exports\_chunks_covid_comparison_days_v4\chunk_02_2021-08-05_extended_disruption.csv,chunk_02_2021-08-05_extended_disruption.csv,378372,2,False,True,True,animation_timestamp | timestamp | date_label | comparison_sequence | comparison_period | time_label | hour | minute | site_id | site_name | latitude | longitude | volume | scaled_volume | scaled_volume_0_100 | intensity_band,
A:\TrafficAnalytics\PROJECTS\reports\deduped\kepler_animation_exports\_chunks_covid_comparison_days_v4\chunk_03_2022-05-18_recovery_phase.csv,chunk_03_2022-05-18_recovery_phase.csv,384127,2,False,True,True,animation_timestamp | timestamp | date_label | comparison_sequence | comparison_period | time_label | hour | minute | site_id | site_name | latitude | longitude | volume | scaled_volume | scaled_volume_0_100 | intensity_band,
A:\TrafficAnalytics\PROJECTS\reports\deduped\kepler_animation_exports\_chunks_covid_comparison_days_v4\chunk_04_2024-05-15_recent_normal.csv,chunk_04_2024-05-15_recent_normal.csv,398740,2,False,True,True,animation_timestamp | timestamp | date_label | comparison_sequence | comparison_period | time_label | hour | minute | site_id | site_name | latitude | longitude | volume | scaled_volume | scaled_volume_0_100 | intensity_band,
A:\TrafficAnalytics\PROJECTS\reports\deduped\kepler_animation_exports\_chunks_covid_comparison_days_v4\chunk_05_2025-12-12_busiest_day_detected.csv,chunk_05_2025-12-12_busiest_day_detected.csv,404778,2,False,True,True,animation_timestamp | timestamp | date_label | comparison_sequence | comparison_period | time_label | hour | minute | site_id | site_name | latitude | longitude | volume | scaled_volume | scaled_volume_0_100 | intensity_band,
A:\TrafficAnalytics\PROJECTS\reports\deduped\kepler_animation_exports\kepler_am_pm_comparison_2024-05-15.csv,kepler_am_pm_comparison_2024-05-15.csv,99976,2,False,True,True,timestamp | date_label | time_label | hour | minute | peak_period | site_id | site_name | latitude | longitude | comparison_latitude | comparison_longitude | volume | scaled_volume | scaled_volume_0_100 | intensity_band,
A:\TrafficAnalytics\PROJECTS\reports\deduped\kepler_animation_exports\kepler_city_pulse_7days_2024-05-13_to_2024-05-19.csv,kepler_city_pulse_7days_2024-05-13_to_2024-05-19.csv,2791814,3,True,True,True,timestamp | date_label | day_name | time_label | hour | minute | site_id | site_name | latitude | longitude | volume | scaled_volume | scaled_volume_0_100 | intensity_band,
A:\TrafficAnalytics\PROJECTS\reports\deduped\kepler_animation_exports\kepler_covid_collapse_recovery_comparison_days.csv,kepler_covid_collapse_recovery_comparison_days.csv,2292483,2,False,True,True,animation_timestamp | timestamp | date_label | comparison_sequence | comparison_period | time_label | hour | minute | site_id | site_name | latitude | longitude | volume | scaled_volume | scaled_volume_0_100 | intensity_band,
A:\TrafficAnalytics\PROJECTS\reports\deduped\kepler_animation_exports\kepler_never_sleeps_2024-05-13_to_2024-05-19_0000_0500.csv,kepler_never_sleeps_2024-05-13_to_2024-05-19_0000_0500.csv,576826,3,True,True,True,timestamp | date_label | day_name | time_label | hour | minute | site_id | site_name | latitude | longitude | volume | scaled_volume | scaled_volume_0_100 | intensity_band | animation_theme,
A:\TrafficAnalytics\PROJECTS\reports\deduped\kepler_animation_exports\kepler_seasonal_top100_monthly_pulse.csv,kepler_seasonal_top100_monthly_pulse.csv,14552,1,False,False,True,animation_timestamp | month_start | month_label | year | month_of_year | month_name | seasonal_band | site_rank | site_id | site_name | latitude | longitude | volume | site_total_volume | scaled_volume | scaled_volume_0_100 | intensity_band,
A:\TrafficAnalytics\PROJECTS\reports\deduped\kepler_animation_exports\kepler_top100_ooh_reveal.csv,kepler_top100_ooh_reveal.csv,97,1,False,False,True,timestamp | reveal_rank | site_id | site_name | latitude | longitude | volume | total_12yr | daily_avg | peak_hour_estimate | spi | pfi | lot | plan | traffic_heat | scaled_volume | scaled_volume_0_100 | opportunity_tier,
A:\TrafficAnalytics\PROJECTS\reports\deduped\kepler_city_pulse\kepler_city_pulse_2024-05-13_to_2024-05-19.csv,kepler_city_pulse_2024-05-13_to_2024-05-19.csv,2791814,3,True,True,True,timestamp | date_label | day_name | time_label | hour | minute | site_id | site_name | latitude | longitude | volume | scaled_volume | scaled_volume_0_100 | intensity_band,
A:\TrafficAnalytics\PROJECTS\reports\deduped\kepler_city_pulse\kepler_city_pulse_2024-05-15.csv,kepler_city_pulse_2024-05-15.csv,398740,2,False,True,True,timestamp | time_label | hour | minute | site_id | site_name | latitude | longitude | volume | scaled_volume | scaled_volume_0_100 | intensity_band,
A:\TrafficAnalytics\PROJECTS\reports\deduped\month_of_year_profile.csv,month_of_year_profile.csv,148,2,True,False,True,month_label | month_start | next_month_start | month_of_year | month_name | month_total_volume | days_loaded | avg_daily_volume | month_elapsed_seconds | completed_at_epoch | row_type,
A:\TrafficAnalytics\PROJECTS\reports\deduped\monthly_totals.csv,monthly_totals.csv,148,1,False,False,True,month_label | month_start | next_month_start | month_total_volume | month_elapsed_seconds | completed_at_epoch,
A:\TrafficAnalytics\PROJECTS\reports\deduped\processing_time\processing_time_summary_all_json.csv,processing_time_summary_all_json.csv,13,1,False,False,True,file | metric_name | date_range_start | date_range_end | months_total | months_completed | is_complete | total_elapsed_seconds | total_elapsed_hours | generated_at_epoch | zero_row_months,
A:\TrafficAnalytics\PROJECTS\reports\deduped\site_intelligence\campaign_charts\campaign_chart_index.csv,campaign_chart_index.csv,7,0,False,False,False,filename | description,
A:\TrafficAnalytics\PROJECTS\reports\deduped\site_intelligence\campaign_charts\campaign_portfolio_simulation_summary.csv,campaign_portfolio_simulation_summary.csv,14,1,False,False,True,portfolio_size | site_share_percent | captured_volume | captured_share_percent | incremental_sites | incremental_volume | incremental_share_percent | avg_incremental_share_per_site | efficiency_ratio,
A:\TrafficAnalytics\PROJECTS\reports\deduped\site_intelligence\charts\site_visuals_chart_index.csv,site_visuals_chart_index.csv,9,0,False,False,False,filename | description,
A:\TrafficAnalytics\PROJECTS\reports\deduped\site_intelligence\charts_v2\site_visuals_v2_chart_index.csv,site_visuals_v2_chart_index.csv,9,0,False,False,False,filename | description,
A:\TrafficAnalytics\PROJECTS\reports\deduped\site_intelligence\concentration_charts\city_level_concentration_summary.csv,city_level_concentration_summary.csv,13,0,False,False,False,sites | site_share | traffic_share,
A:\TrafficAnalytics\PROJECTS\reports\deduped\site_intelligence\concentration_charts\rank_group_density_summary.csv,rank_group_density_summary.csv,6,1,False,False,True,group | sites | avg_volume_per_site | traffic_share,
A:\TrafficAnalytics\PROJECTS\reports\deduped\site_intelligence\concentration_charts\traffic_concentration_next_chart_index.csv,traffic_concentration_next_chart_index.csv,8,0,False,False,False,filename | description,
A:\TrafficAnalytics\PROJECTS\reports\deduped\site_intelligence\concentration_charts\traffic_threshold_sites_required.csv,traffic_threshold_sites_required.csv,6,0,False,False,False,traffic_threshold | sites_needed | site_share_percent,
A:\TrafficAnalytics\PROJECTS\reports\deduped\site_intelligence\revenue_charts\revenue_simulation_summary.csv,revenue_simulation_summary.csv,10,0,False,False,False,sites | revenue | cost | profit | revenue_per_site,
A:\TrafficAnalytics\PROJECTS\reports\deduped\site_intelligence\revenue_charts_v2\portfolio_base_summary.csv,portfolio_base_summary.csv,10,1,False,False,True,sites | volume | traffic_share_percent | cost,
A:\TrafficAnalytics\PROJECTS\reports\deduped\site_intelligence\revenue_charts_v2\revenue_simulation_v2_chart_index.csv,revenue_simulation_v2_chart_index.csv,8,0,False,False,False,filename | description,
A:\TrafficAnalytics\PROJECTS\reports\deduped\site_intelligence\revenue_charts_v2\revenue_simulation_v2_scenarios.csv,revenue_simulation_v2_scenarios.csv,200,1,False,False,True,sites | cpm | utilisation | traffic_volume | traffic_share_percent | revenue | cost | profit | roi_percent | break_even_cpm,
A:\TrafficAnalytics\PROJECTS\reports\deduped\site_intelligence\revenue_charts_v2\roi_heatmap_1000_site_portfolio.csv,roi_heatmap_1000_site_portfolio.csv,4,0,False,False,False,Unnamed: 0 | $2 | $4 | $8 | $12 | $16,
A:\TrafficAnalytics\PROJECTS\reports\deduped\site_intelligence\revenue_charts_v2\tier_based_revenue_summary.csv,tier_based_revenue_summary.csv,5,1,False,False,True,tier | sites | volume | cpm | revenue | cost | profit | roi_percent,
A:\TrafficAnalytics\PROJECTS\reports\deduped\site_intelligence\site_rankings.csv,site_rankings.csv,4758,1,False,False,True,rank | scats_site | total_volume | months_present | first_month | last_month | avg_monthly_volume | max_monthly_volume | best_month | best_month_volume | percent_of_network | cumulative_volume | cumulative_percent | percentile_band,
A:\TrafficAnalytics\PROJECTS\reports\deduped\site_intelligence\site_totals_monthly_network_trend.csv,site_totals_monthly_network_trend.csv,147,1,False,False,True,month_label | total_volume | active_sites,
A:\TrafficAnalytics\PROJECTS\reports\deduped\site_intelligence\site_volume_percentile_bands.csv,site_volume_percentile_bands.csv,6,1,False,False,True,percentile_band | sites | total_volume | share_percent,
A:\TrafficAnalytics\PROJECTS\reports\deduped\site_intelligence\strategy_charts\site_strategy_chart_index.csv,site_strategy_chart_index.csv,8,0,False,False,False,filename | description,
A:\TrafficAnalytics\PROJECTS\reports\deduped\site_intelligence\strategy_charts\site_strategy_tier_summary.csv,site_strategy_tier_summary.csv,5,1,False,False,True,traffic_tier | sites | total_volume | share_percent | site_share_percent | efficiency_ratio,
A:\TrafficAnalytics\PROJECTS\reports\deduped\site_intelligence\top_1000_sites.csv,top_1000_sites.csv,1000,1,False,False,True,rank | scats_site | total_volume | months_present | first_month | last_month | avg_monthly_volume | max_monthly_volume | best_month | best_month_volume | percent_of_network | cumulative_volume | cumulative_percent | percentile_band,
A:\TrafficAnalytics\PROJECTS\reports\deduped\site_intelligence\top_100_sites.csv,top_100_sites.csv,100,1,False,False,True,rank | scats_site | total_volume | months_present | first_month | last_month | avg_monthly_volume | max_monthly_volume | best_month | best_month_volume | percent_of_network | cumulative_volume | cumulative_percent | percentile_band,
A:\TrafficAnalytics\PROJECTS\reports\deduped\site_intelligence\top_10_sites.csv,top_10_sites.csv,10,1,False,False,True,rank | scats_site | total_volume | months_present | first_month | last_month | avg_monthly_volume | max_monthly_volume | best_month | best_month_volume | percent_of_network | cumulative_volume | cumulative_percent | percentile_band,
A:\TrafficAnalytics\PROJECTS\reports\deduped\site_intelligence\top_25_sites.csv,top_25_sites.csv,25,1,False,False,True,rank | scats_site | total_volume | months_present | first_month | last_month | avg_monthly_volume | max_monthly_volume | best_month | best_month_volume | percent_of_network | cumulative_volume | cumulative_percent | percentile_band,
A:\TrafficAnalytics\PROJECTS\reports\deduped\site_intelligence\top_500_sites.csv,top_500_sites.csv,500,1,False,False,True,rank | scats_site | total_volume | months_present | first_month | last_month | avg_monthly_volume | max_monthly_volume | best_month | best_month_volume | percent_of_network | cumulative_volume | cumulative_percent | percentile_band,
A:\TrafficAnalytics\PROJECTS\reports\deduped\site_intelligence\top_50_sites.csv,top_50_sites.csv,50,1,False,False,True,rank | scats_site | total_volume | months_present | first_month | last_month | avg_monthly_volume | max_monthly_volume | best_month | best_month_volume | percent_of_network | cumulative_volume | cumulative_percent | percentile_band,
A:\TrafficAnalytics\PROJECTS\reports\deduped\site_month_charts\fastest_growing_sites_last12_vs_first12.csv,fastest_growing_sites_last12_vs_first12.csv,20,1,False,False,True,site_id | first_avg | site_name | last_avg | absolute_growth | growth_pct | rank,
A:\TrafficAnalytics\PROJECTS\reports\deduped\site_month_charts\most_volatile_sites_by_monthly_cv.csv,most_volatile_sites_by_monthly_cv.csv,20,1,False,False,True,site_id | mean_volume | std_volume | total_volume | site_name | coefficient_of_variation | rank,
A:\TrafficAnalytics\PROJECTS\reports\deduped\site_month_charts\network_monthly_totals_from_site_month.csv,network_monthly_totals_from_site_month.csv,146,1,False,False,True,month | volume,
A:\TrafficAnalytics\PROJECTS\reports\deduped\site_month_charts\top_sites_by_total_volume_from_site_month.csv,top_sites_by_total_volume_from_site_month.csv,10,1,False,False,True,site_id | total_volume | site_name | rank,
A:\TrafficAnalytics\PROJECTS\reports\deduped\site_month_totals.csv,site_month_totals.csv,595055,1,False,False,True,month_label | month_start | next_month_start | scats_site | month_site_volume | month_elapsed_seconds | completed_at_epoch | row_type,
A:\TrafficAnalytics\PROJECTS\reports\deduped\site_totals.csv,site_totals.csv,595127,1,False,False,True,month_label | month_start | next_month_start | scats_site | month_site_volume | month_elapsed_seconds | completed_at_epoch | row_type,
A:\TrafficAnalytics\PROJECTS\reports\deduped\time_bin_profile.csv,time_bin_profile.csv,14113,3,True,True,True,month_label | month_start | next_month_start | time_bin | month_time_bin_volume | days_in_month_loaded | month_elapsed_seconds | completed_at_epoch | row_type,
A:\TrafficAnalytics\PROJECTS\reports\deduped\top100_scats_coordinates.csv,top100_scats_coordinates.csv,97,0,False,False,False,SCATS Site | Name | Latitude | Longitude,
A:\TrafficAnalytics\PROJECTS\reports\deduped\top100_scats_vicmap_ooh.csv,top100_scats_vicmap_ooh.csv,97,1,False,False,True,site_id | name | lat | lng | ooh_total_12yr_movements | ooh_annual_avg_movements | ooh_daily_avg_movements | ooh_peak_hour_estimate | ooh_dataset_period | ooh_advertising_context | prop_objectid | prop_prop_ufi | prop_prop_pfi | prop_prop_lga_code | prop_prop_propnum | prop_prop_property_type | prop_prop_multi_assessment | prop_prop_status | prop_prop_task_id | prop_prop_pfi_created | prop_prop_ufi_old | prop_prop_ufi_created | prop_propv_task_id | prop_propv_ufi | prop_propv_pfi | prop_propv_base_pfi | prop_propv_centroid_pfi | prop_propv_graphic_type | prop_propv_z_level | prop_propv_pfi_created | prop_propv_ufi_old | prop_propv_ufi_created | prop_shape__area | prop_shape__length | parcel_objectid | parcel_parcel_ufi | parcel_parcel_pfi | parcel_parcel_spi | parcel_parcel_spi_code | parcel_parcel_desc_type | parcel_parcel_multi | parcel_parcel_road | parcel_parcel_lga_code | parcel_parcel_plan_number | parcel_parcel_lot_number | parcel_parcel_accessory_lot | parcel_parcel_allotment | parcel_parcel_sec | parcel_parcel_block | parcel_parcel_portion | parcel_parcel_subdivision | parcel_parcel_crown_status | parcel_parcel_parish_code | parcel_parcel_township_code | parcel_parcel_p_number | parcel_parcel_further_description | parcel_parcel_part | parcel_parcel_crefno | parcel_parcel_status | parcel_parcel_reg_date | parcel_parcel_id | parcel_parcel_task_id | parcel_parv_ufi | parcel_parv_pfi | parcel_parv_centroid_pfi | parcel_parv_status | parcel_parv_z_level | parcel_parv_horiz_pos_uncertainty | parcel_parcel_pfi_created | parcel_parcel_ufi_old | parcel_parcel_ufi_created | parcel_parv_task_id | parcel_parv_pfi_created | parcel_parv_ufi_old | parcel_parv_ufi_created | parcel_shape__area | parcel_shape__length,
A:\TrafficAnalytics\PROJECTS\reports\deduped\top100_scats_vicmap_ooh_with_totals.csv,top100_scats_vicmap_ooh_with_totals.csv,97,1,False,False,True,site_id | name | lat | lng | ooh_total_12yr_movements | ooh_annual_avg_movements | ooh_daily_avg_movements | ooh_peak_hour_estimate | ooh_dataset_period | ooh_exposure_summary | parcel_parcel_spi | parcel_parcel_pfi | parcel_parcel_plan_number | parcel_parcel_lot_number | parcel_parcel_road | parcel_parcel_crown_status | parcel_parcel_status | prop_prop_pfi | prop_prop_ufi | prop_prop_property_type | prop_prop_status | vicplan_url | google_street_view_url | prop_objectid | prop_prop_lga_code | prop_prop_propnum | prop_prop_multi_assessment | prop_prop_task_id | prop_prop_pfi_created | prop_prop_ufi_old | prop_prop_ufi_created | prop_propv_task_id | prop_propv_ufi | prop_propv_pfi | prop_propv_base_pfi | prop_propv_centroid_pfi | prop_propv_graphic_type | prop_propv_z_level | prop_propv_pfi_created | prop_propv_ufi_old | prop_propv_ufi_created | prop_shape__area | prop_shape__length | parcel_objectid | parcel_parcel_ufi | parcel_parcel_spi_code | parcel_parcel_desc_type | parcel_parcel_multi | parcel_parcel_lga_code | parcel_parcel_accessory_lot | parcel_parcel_allotment | parcel_parcel_sec | parcel_parcel_block | parcel_parcel_portion | parcel_parcel_subdivision | parcel_parcel_parish_code | parcel_parcel_township_code | parcel_parcel_p_number | parcel_parcel_further_description | parcel_parcel_part | parcel_parcel_crefno | parcel_parcel_reg_date | parcel_parcel_id | parcel_parcel_task_id | parcel_parv_ufi | parcel_parv_pfi | parcel_parv_centroid_pfi | parcel_parv_status | parcel_parv_z_level | parcel_parv_horiz_pos_uncertainty | parcel_parcel_pfi_created | parcel_parcel_ufi_old | parcel_parcel_ufi_created | parcel_parv_task_id | parcel_parv_pfi_created | parcel_parv_ufi_old | parcel_parv_ufi_created | parcel_shape__area | parcel_shape__length | ooh_advertising_context,
A:\TrafficAnalytics\PROJECTS\reports\deduped\top_20_scats_map_data_audit.csv,top_20_scats_map_data_audit.csv,20,1,False,False,True,site_id | name | total | lat | lng | source_top20_csv | lookup_name | lookup_lat | lookup_lng | coordinate_source,
A:\TrafficAnalytics\PROJECTS\reports\deduped\victorian_traffic_signals_all_SCATS_locations.csv,victorian_traffic_signals_all_SCATS_locations.csv,5001,0,False,False,False,SITE_NO | SITE_NAME | TYPE | MUNICIPALITY | LATITUDE | LONGITUDE,
A:\TrafficAnalytics\PROJECTS\reports\deduped\weekday_weekend_split.csv,weekday_weekend_split.csv,148,2,True,False,True,month_label | month_start | next_month_start | month_total_volume | month_weekday_volume | month_weekend_volume | month_weekday_days | month_weekend_days | month_elapsed_seconds | completed_at_epoch | row_type,
A:\TrafficAnalytics\PROJECTS\reports\deduped\yearly_totals.csv,yearly_totals.csv,3,2,True,False,True,month_label | month_start | next_month_start | year | month_total_volume | days_loaded | avg_daily_volume | month_elapsed_seconds | completed_at_epoch | row_type,
