site_id,name,lat,lng,ooh_total_12yr_movements,ooh_annual_avg_movements,ooh_daily_avg_movements,ooh_peak_hour_estimate,ooh_dataset_period,ooh_advertising_context,prop_objectid,prop_prop_ufi,prop_prop_pfi,prop_prop_lga_code,prop_prop_propnum,prop_prop_property_type,prop_prop_multi_assessment,prop_prop_status,prop_prop_task_id,prop_prop_pfi_created,prop_prop_ufi_old,prop_prop_ufi_created,prop_propv_task_id,prop_propv_ufi,prop_propv_pfi,prop_propv_base_pfi,prop_propv_centroid_pfi,prop_propv_graphic_type,prop_propv_z_level,prop_propv_pfi_created,prop_propv_ufi_old,prop_propv_ufi_created,prop_shape__area,prop_shape__length,parcel_objectid,parcel_parcel_ufi,parcel_parcel_pfi,parcel_parcel_spi,parcel_parcel_spi_code,parcel_parcel_desc_type,parcel_parcel_multi,parcel_parcel_road,parcel_parcel_lga_code,parcel_parcel_plan_number,parcel_parcel_lot_number,parcel_parcel_accessory_lot,parcel_parcel_allotment,parcel_parcel_sec,parcel_parcel_block,parcel_parcel_portion,parcel_parcel_subdivision,parcel_parcel_crown_status,parcel_parcel_parish_code,parcel_parcel_township_code,parcel_parcel_p_number,parcel_parcel_further_description,parcel_parcel_part,parcel_parcel_crefno,parcel_parcel_status,parcel_parcel_reg_date,parcel_parcel_id,parcel_parcel_task_id,parcel_parv_ufi,parcel_parv_pfi,parcel_parv_centroid_pfi,parcel_parv_status,parcel_parv_z_level,parcel_parv_horiz_pos_uncertainty,parcel_parcel_pfi_created,parcel_parcel_ufi_old,parcel_parcel_ufi_created,parcel_parv_task_id,parcel_parv_pfi_created,parcel_parv_ufi_old,parcel_parv_ufi_created,parcel_shape__area,parcel_shape__length
2404,PHE/PARK,-37.833437,144.967764,,,,,2014-2026,Verified high-exposure advertising corridor. Long-term SCATS traffic volume can indicate sustained roadside visibility and potential suitability for premium billboard or digital signage investigation near the closest cadastral parcels.,3032914,295825384,152186813,358,213827,O,N,A,,1065688755000.0,,1243457078000,392259,743039304,152186785,206441658,152186771,P,G,1065688755000.0,713914701.0,1681619326000,1183.734375,144.9292127381126,4104230,743220338,50210583,180\RP9472,101,15,Y,N,358,RP9472,180,,,,,,,,,,,,N,54377,A,229824000000.0,1df095f7-9071-11ed-88cd-b1b6a5ed93d2,392259.0,743014412,2769970,25144054,A,G,3.45,878523067000,311602310.0,1681722974000,392259,,713913241,1681619203000,5486.234375,340.551461834018
2487,PHE NR IRVING (LANSDOWNE),-37.859989,145.007416,,,,,2014-2026,Verified high-exposure advertising corridor. Long-term SCATS traffic volume can indicate sustained roadside visibility and potential suitability for premium billboard or digital signage investigation near the closest cadastral parcels.,1741631,87682524,50088047,363,46332,O,N,A,,,,943887724000,386222,722311915,2423296,208438618,22902263,P,G,,415209432.0,1676781689000,2079.5390625,183.55339441023895,1277367,743206062,50038775,12\RP10466,200,15,Y,N,358,RP10466,12,,,,,,,,,,,,N,,A,244080000000.0,2d202066-9071-11ed-9c4a-d19715ebad79,392259.0,743026687,2238074,21627483,A,G,0.2,877752639000,311549832.0,1681722920000,392259,,418073151,1681619219000,2591.21875,205.39921370485135
416,SPRINGVALE NR LAUGHLIN AVE,-37.82145,145.17544,,,,,2014-2026,Verified high-exposure advertising corridor. Long-term SCATS traffic volume can indicate sustained roadside visibility and potential suitability for premium billboard or digital signage investigation near the closest cadastral parcels.,3842252,281828061,207696659,372,258568,O,N,A,,1152101702000.0,,1165843612000,393516,746563193,207696631,219074602,207696619,P,G,1152101702000.0,415323080.0,1682833267000,2304.0546875,195.33893421199085,1492131,746945197,423872343,414\PS719605,101,15,Y,N,372,PS719605,414,N,,,,,,,,,,,N,,A,1490832000000.0,4a5857dc-9b70-11ed-babf-7de6a6769e4e,393516.0,746485489,423872460,423872464,A,G,0.14,1460600299000,531613870.0,1682932710000,393516,1460600323000.0,529251368,1682833097000,3052.0078125,221.6588712953419
1359,WARRIGAL/LINKS ESTATE ACCESS,-37.922492,145.082756,,,,,2014-2026,Verified high-exposure advertising corridor. Long-term SCATS traffic volume can indicate sustained roadside visibility and potential suitability for premium billboard or digital signage investigation near the closest cadastral parcels.,2573493,575339345,430293342,348,276334,O,Y,A,245994.0,1561482181000.0,,1561482181000,395111,755744657,420841612,422676533,420841616,P,G,1409884415000.0,501239018.0,1684047063000,98330.75,1485.9293364099121,2445729,550759121,50080697,1\PS324635,101,15,N,N,322,PS324635,1,,,,,,,,,,,,N,50880,A,743904000000.0,,191169.0,739066043,2393273,22705572,A,G,0.14,877954245000,270608691.0,1525099670000,391115,,686731199,1680416278000,2604.015625,219.3740796709523
3386,HODDLE/ALBERT/ELIZABETH,-37.811248,144.991117,,,,,2014-2026,Verified high-exposure advertising corridor. Long-term SCATS traffic volume can indicate sustained roadside visibility and potential suitability for premium billboard or digital signage investigation near the closest cadastral parcels.,3313188,316394361,203489455,343,641341,O,Y,A,,1115121056000.0,316393116.0,1358264872000,388080,729445276,2183864,203475380,221261377,P,G,,675848740.0,1677988072000,11637.0,605.0843684300327,1873421,729559643,1365489,1\TP888676,101,15,N,N,343,TP888676,1,,,,,,,,,,,,N,88517,A,,1197ebb9-5eed-11ed-8e7a-050f5cdeac61,388080.0,729425576,2183870,21242504,A,G,0.82,877691454000,315025975.0,1678101185000,388080,,417595966,1677987922000,306.21875,94.95797474886112
2420,PHE/GRANGE,-37.881163,145.049558,,,,,2014-2026,Verified high-exposure advertising corridor. Long-term SCATS traffic volume can indicate sustained roadside visibility and potential suitability for premium billboard or digital signage investigation near the closest cadastral parcels.,3268990,841371180,421480374,322,NCPR,O,N,A,428389.0,1420795927000.0,508002543.0,1713256270000,391115,739082902,421480475,421480479,421480491,P,G,1420795951000.0,675426993.0,1680416408000,349.8203125,137.67385984273952,2467059,722511076,50195035,B8\PS336580,101,15,Y,N,363,PS336580,B8,,,,,,,,,,,,N,33702,A,,acb2c069-75b5-11ed-9390-4dc4e9821817,386222.0,722285688,4119467,203677141,A,G,0.13,878415102000,543695351.0,1676881002000,386222,,418142999,1676781550000,13279.6015625,554.2054106445186
3380,EASTERN FWY OFF RAMP/HODDLE,-37.795997,144.99397,,,,,2014-2026,Verified high-exposure advertising corridor. Long-term SCATS traffic volume can indicate sustained roadside visibility and potential suitability for premium billboard or digital signage investigation near the closest cadastral parcels.,1611923,280283184,868155,376,109695,O,Y,A,,,,1158678878000,400577,777586317,3103874,219089269,27609767,P,G,,415648139.0,1688273525000,2491.1015625,203.86687075079968,3708731,777737562,221454013,3\TP609629,100,15,N,N,376,TP609629,3,N,,,,,,,,,,,N,,A,,05063869-d1b0-11ed-a3f7-03e78531987f,400577.0,777555086,221454012,221454011,A,G,3.15,1370617891000,517398379.0,1688376033000,400577,1370617891000.0,418597696,1688273379000,3405.4375,737.3093035595762
3060,BELL/HIGH,-37.745172,145.002817,,,,,2014-2026,Verified high-exposure advertising corridor. Long-term SCATS traffic volume can indicate sustained roadside visibility and potential suitability for premium billboard or digital signage investigation near the closest cadastral parcels.,1671321,804387014,218963206,316,,G,N,A,411127.0,,311111950.0,1697031947000,411127,804387008,218963205,,13362785,B,G,,701009015.0,1697031947000,653.8046875,123.70997089518403,2531997,701341047,211746041,1\TP382097,100,15,N,N,316,TP382097,1,,,,,,,,,,,,N,,A,,aaa84776-1dca-4fa2-ac16-a01b746aa215,353321.0,700936465,211746040,211746039,A,G,0.29,1220372883000,297062579.0,1669022576000,353321,1220372883000.0,416709171,1668925606000,686.6171875,117.18485838929942
855,CANTERBURY/HEATHMONT,-37.829799,145.244803,,,,,2014-2026,Verified high-exposure advertising corridor. Long-term SCATS traffic volume can indicate sustained roadside visibility and potential suitability for premium billboard or digital signage investigation near the closest cadastral parcels.,838043,299585154,214388032,342,214351,O,N,A,,1263391309000.0,,1263391309000,391643,741681888,214388031,,25585822,P,G,1263391309000.0,687937995.0,1681021092000,1601.828125,163.3287852903889,3941331,883729024,2004707,1\LP38616,101,15,N,N,342,LP38616,1,,,,,,,,,,,,N,,A,-372211200000.0,,499579.0,741623653,4704258,42028890,A,G,0.39,878177438000,83905793.0,1776862012000,391643,,417584552,1681020919000,452.140625,90.59390852775158
415,SPRINGVALE NR WALKERS/SILVER,-37.819786,145.175764,,,,,2014-2026,Verified high-exposure advertising corridor. Long-term SCATS traffic volume can indicate sustained roadside visibility and potential suitability for premium billboard or digital signage investigation near the closest cadastral parcels.,1167951,305294300,60055503,372,280640,G,N,A,,,,1299062153000,393516,746559099,5055503,,203789928,B,G,,415320059.0,1682833262000,2188.7265625,186.49890602642054,1846185,259176956,2018749,49\LP10994,101,15,N,N,372,LP10994,49,,,,,,,,,,,,N,,A,,,,746483165,3061818,27295289,A,G,0.31,878994667000,,1068423334000,393516,,418714338,1682833094000,324.234375,107.80546294756601
3519,MT ALEXANDER NR LINCOLN,-37.744751,144.910236,,,,,2014-2026,Verified high-exposure advertising corridor. Long-term SCATS traffic volume can indicate sustained roadside visibility and potential suitability for premium billboard or digital signage investigation near the closest cadastral parcels.,3811084,280126731,203378186,349,228785,O,N,A,,1113407763000.0,,1157631571000,376768,709009936,203378155,206698149,203378070,P,G,1113407763000.0,414894629.0,1673283978000,4643.1328125,282.62124497362174,3620513,709311553,203378110,308\PS529302,101,15,Y,N,349,PS529302,308,,,,,,,,,,,,N,177983,A,1137456000000.0,79ed992b-5001-11ed-a297-9f6defd3f7d7,376768.0,708957051,203378071,203378070,A,G,0.22,1113407763000,543529412.0,1673352193000,376768,1113407763000.0,417790542,1673283816000,4643.1328125,282.62124497362174
3516,BULLA NR HOLYROOD,-37.738597,144.906609,,,,,2014-2026,Verified high-exposure advertising corridor. Long-term SCATS traffic volume can indicate sustained roadside visibility and potential suitability for premium billboard or digital signage investigation near the closest cadastral parcels.,2699378,256126298,150786304,349,226325,O,N,A,,,,1052307972000,376768,709004108,150786303,,150786302,P,G,,480689944.0,1673283971000,511.7265625,93.86491863391326,3622010,709346010,999013,27\LP9089,101,15,N,N,349,LP9089,27,,,,,,,,,,,,N,142710,A,,ddc6c931-9256-4c94-b29b-48a1f0d68652,376768.0,842891892,4531563,40264318,A,G,0.23,884962905000,568734274.0,1673352380000,1005,,708951076,1714046929000,837.2265625,133.62003091073356
414,SPRINGVALE NR TUNSTALL,-37.815046,145.176542,,,,,2014-2026,Verified high-exposure advertising corridor. Long-term SCATS traffic volume can indicate sustained roadside visibility and potential suitability for premium billboard or digital signage investigation near the closest cadastral parcels.,1170694,566789517,429488637,372,250488,O,Y,A,226862.0,1547642854000.0,,1547642854000,484725,875553674,172712883,429488728,172712882,P,G,1079546089000.0,804344903.0,1762302258000,65896.609375,1275.2569805374874,3125463,253968879,1500265,2\PS311168,101,15,N,N,372,PS311168,2,,,,,,,,,,,,N,,A,721958400000.0,,,746477291,2405870,22763794,A,G,0.12,877968653000,,1039195125000,393516,,418256510,1682833087000,452.203125,85.38477408698816
2438,PHE NR THE AVENUE,-37.858271,144.996902,,,,,2014-2026,Verified high-exposure advertising corridor. Long-term SCATS traffic volume can indicate sustained roadside visibility and potential suitability for premium billboard or digital signage investigation near the closest cadastral parcels.,736636,543350522,50087824,363,NCPR,O,N,A,175388.0,,86574419.0,1512484498000,386222,722310431,2423279,208432924,22901960,P,G,,415208051.0,1676781686000,1328.9921875,180.698035153858,544928,722472014,211359326,45\RP1141,101,15,Y,N,363,RP1141,45,Y,,,,,,,,,,,N,,A,-15984000000.0,b3561251-75b5-11ed-83f4-1b886ba6123f,386222.0,722274553,2423280,22901977,A,G,1.44,1214231362000,312036301.0,1676880780000,386222,,418133430,1676781531000,2997.03125,226.58029600985782
2405,PHE/ALBERT,-37.83513,144.971089,,,,,2014-2026,Verified high-exposure advertising corridor. Long-term SCATS traffic volume can indicate sustained roadside visibility and potential suitability for premium billboard or digital signage investigation near the closest cadastral parcels.,1121735,493749000,421678006,358,254857,O,Y,A,50507.0,,,1424180363000,468319,868082017,4252616,219062721,220711672,P,G,,743049739.0,1749048918000,840765.8203125,7483.992298303081,396493,743161314,152048437,74\RP16140,101,15,Y,N,358,RP16140,74,,,,,,,,,,,,N,105238,A,,2fddca7b-9071-11ed-9aff-075c2f420ed5,392259.0,743015405,152048365,152048364,A,G,1.23,1063869880000,531922585.0,1681722728000,392259,1063869880000.0,418612162,1681619204000,6030.2421875,308.45434988224343
3357,MRR/GREENSBOROUGH HWY,-37.695056,145.092566,,,,,2014-2026,Verified high-exposure advertising corridor. Long-term SCATS traffic volume can indicate sustained roadside visibility and potential suitability for premium billboard or digital signage investigation near the closest cadastral parcels.,469674,98827971,907796,303,191122,O,N,A,,,,972404911000,376767,706112530,2123857,,20754950,P,G,,413348022.0,1670364893000,1897.5859375,206.66557865644387,2581775,706473667,907797,1\LP86815,101,15,N,N,303,LP86815,1,,,,,,,,,,,,N,4796,A,,7b131ed2-7c90-4176-b7c2-8cc4159375d0,376767.0,706053783,2123856,20754948,A,G,0.2,877576208000,83963837.0,1670402991000,376767,,416197472,1670364684000,1183.9453125,176.19767673307175
2403,PHE/STURT,-37.830784,144.965153,,,,,2014-2026,Verified high-exposure advertising corridor. Long-term SCATS traffic volume can indicate sustained roadside visibility and potential suitability for premium billboard or digital signage investigation near the closest cadastral parcels.,2910229,878848223,459528863,343,736045,O,Y,A,491817.0,1769009165000.0,,1769009165000,388080,729449967,203165080,203165109,203165079,P,G,1110550572000.0,414704878.0,1677988081000,3240.515625,250.8883107144759,131547,743582099,50164925,9\SP21842,101,15,Y,N,358,SP21842,9,N,,,,,,,,,,,N,71297,A,489283200000.0,1e83f659-9071-11ed-a019-773ce6469bb0,392259.0,743012569,2589730,24083160,A,G,0.55,878317807000,743217588.0,1682067649000,392259,,418059672,1681619200000,1934.15625,178.83354483670539
2929,KING ST/FLINDERS ST,-37.820364,144.957558,,,,,2014-2026,Verified high-exposure advertising corridor. Long-term SCATS traffic volume can indicate sustained roadside visibility and potential suitability for premium billboard or digital signage investigation near the closest cadastral parcels.,2797723,484651202,214017044,343,625420,O,Y,A,1004.0,1258448014000.0,301503419.0,1406897396000,388080,729448856,2364333,203471693,22514597,P,G,,483636876.0,1677988078000,9848.96875,837.4921053508299,3049265,729691177,50071346,707\RP5395,101,15,Y,N,343,RP5395,707,,,,,,,,,,,,N,14041,A,782352000000.0,1b25ac54-5eed-11ed-97a1-7f33d8ba15da,388080.0,729428730,4616012,41557333,A,G,2.88,877914654000,271462327.0,1678102043000,388080,,612742339,1677987926000,792.015625,115.0312653537093
4415,PRINCES NR CANNING,-37.792825,144.973731,,,,,2014-2026,Verified high-exposure advertising corridor. Long-term SCATS traffic volume can indicate sustained roadside visibility and potential suitability for premium billboard or digital signage investigation near the closest cadastral parcels.,834087,678767066,453340301,376,,O,N,P,359780.0,1653920251000.0,,1653920251000,400577,777584440,453340339,453340340,453340362,P,G,1653920290000.0,678767310.0,1688273523000,204.828125,72.15986455322687,1909279,777720055,1389524,1\TP110931,101,15,N,N,376,TP110931,1,,,,,,,,,,,,N,,A,,1138d256-d1b0-11ed-a034-07c48fba95f1,400577.0,777552924,2370835,22561389,A,G,3.36,877921852000,265365178.0,1688375956000,400577,,678767292,1688273376000,204.828125,72.15986455322687
3360,BANKSIA/LWR HEIDELBERG,-37.75973,145.069047,,,,,2014-2026,Verified high-exposure advertising corridor. Long-term SCATS traffic volume can indicate sustained roadside visibility and potential suitability for premium billboard or digital signage investigation near the closest cadastral parcels.,1978249,777989311,455388470,303,,O,N,P,400804.0,1688509831000.0,,1688509831000,400804,777989594,455388509,,455388515,P,G,1688509862000.0,,1688509862000,3254.46875,256.1669835087844,3209559,706457966,431078306,1\PS812000,101,15,Y,N,303,PS812000,1,N,,,,,,,,,,,N,72997,A,1628121600000.0,61cdf426-481f-11ed-9a6b-19eb45f5f69a,376767.0,834092863,431078329,431078342,A,G,4.1,1573084124000,650426422.0,1670402914000,1005,1573084170000.0,777989577,1709645743000,12027.7265625,459.1720706015784
3382,HODDLE/JOHNSTON,-37.799845,144.992987,,,,,2014-2026,Verified high-exposure advertising corridor. Long-term SCATS traffic volume can indicate sustained roadside visibility and potential suitability for premium billboard or digital signage investigation near the closest cadastral parcels.,4111241,254869346,150767697,376,112995,O,Y,A,,,,1044984476000,400577,777588579,2873178,219086923,25996655,P,G,,415533748.0,1688273528000,288.0234375,91.68219261643347,3779428,265632031,52352765,3\LP51110,101,15,N,N,376,LP51110,3,,,,,,,,,,,,N,,A,,,,777556779,3341955,29390697,A,G,0.23,882547926000,,1093252567000,400577,,763963557,1688273381000,71.359375,33.85868220228693
2985,PHE NR CLOSEBURN,-37.859189,145.003684,,,,,2014-2026,Verified high-exposure advertising corridor. Long-term SCATS traffic volume can indicate sustained roadside visibility and potential suitability for premium billboard or digital signage investigation near the closest cadastral parcels.,3100193,87521139,1541588,363,37346,O,N,A,,,,943445510000,386222,722311529,2420846,,22872477,P,G,,415209079.0,1676781689000,389.0546875,109.66583500888495,792038,722479326,218212761,4\RP11526,101,15,Y,N,363,RP11526,4,,,,,,,,,,,,N,,A,259372800000.0,c60a5102-75b5-11ed-9f0e-0bf9a39e686c,386222.0,722275506,4367621,37276212,A,G,0.19,1317166805000,309259998.0,1676880823000,386222,,418134271,1676781533000,252.0546875,68.867089418965
4902,MONTAGUE/LORIMER,-37.825204,144.947548,,,,,2014-2026,Verified high-exposure advertising corridor. Long-term SCATS traffic volume can indicate sustained roadside visibility and potential suitability for premium billboard or digital signage investigation near the closest cadastral parcels.,390584,284932658,53083016,343,576511,O,N,A,,,,1185455029000,388080,729449228,172982289,203522232,172982287,P,G,1082552051000.0,535061243.0,1677988079000,5330.0,416.816343446995,461093,729587034,203603453,265\PS428541,101,15,Y,N,343,PS428541,265,,,,,,,,,,,,N,52212,A,,1662a258-5eed-11ed-9bc5-2bbd2d461995,388080.0,845403936,203261643,203261642,A,G,0.71,1116493197000,302329300.0,1678101466000,1005,1111068093000.0,729431477,1715330878000,9606.7265625,532.1099993155752
3056,BELL/NICHOLSON/ELIZABETH,-37.742572,144.978066,,,,,2014-2026,Verified high-exposure advertising corridor. Long-term SCATS traffic volume can indicate sustained roadside visibility and potential suitability for premium billboard or digital signage investigation near the closest cadastral parcels.,2870258,269811613,202257009,351,97445,O,N,A,,1094747054000.0,,1115991939000,389528,733658663,202256954,207305271,202256927,P,G,1094747054000.0,414966565.0,1679198951000,1841.890625,170.13131258263778,1408436,733990932,202256945,17\PS520854,101,15,Y,N,351,PS520854,17,,,,,,,,,,,,N,,A,1113955200000.0,187d737d-79ad-11ed-be87-6fb150315528,1005.0,733578311,202256928,202256927,A,G,0.1,1094747054000,277845240.0,1679301423000,389528,1094747054000.0,417863375,1679198756000,1841.890625,170.13131258263778
3381,HODDLE/TRURO,-37.797937,144.993283,,,,,2014-2026,Verified high-exposure advertising corridor. Long-term SCATS traffic volume can indicate sustained roadside visibility and potential suitability for premium billboard or digital signage investigation near the closest cadastral parcels.,2724520,114714133,869055,376,125370,O,N,A,,,,1006181229000,400577,777587100,3340594,,29380957,P,G,,730519475.0,1688273526000,194.2109375,80.78840464559865,3575810,777752127,52354391,1\PS412532,101,15,Y,N,376,PS412532,1,,,,,,,,,,,,N,,A,881798400000.0,1a1e5216-d1b0-11ed-8b51-3b28deb38c95,400577.0,777555930,3566485,30917072,A,G,0.66,882547926000,311723339.0,1688376092000,400577,,763963545,1688273380000,614.8515625,105.16482791401894
2100,EASTERN/NICHOLSON/PRINCES,-37.793047,144.975715,,,,,2014-2026,Verified high-exposure advertising corridor. Long-term SCATS traffic volume can indicate sustained roadside visibility and potential suitability for premium billboard or digital signage investigation near the closest cadastral parcels.,1178676,296247766,213206366,376,311560,O,Y,A,,1245847929000.0,,1245847929000,400577,777584999,1561124,219088564,14494923,P,G,,415530255.0,1688273524000,3257.7734375,233.3918761756003,3986011,729565806,1394136,1\TP683306,101,15,N,N,343,TP683306,1,,,,,,,,,,,,N,79962,A,,2d7d1d57-f6ab-44d8-9389-387a1fdaed60,388080.0,729413812,2371433,22561987,A,G,0.75,877921852000,315024731.0,1678101263000,388080,,681096167,1677987905000,457.328125,100.18422359807785
3059,BELL/ST GEORGES,-37.744603,144.997452,,,,,2014-2026,Verified high-exposure advertising corridor. Long-term SCATS traffic volume can indicate sustained roadside visibility and potential suitability for premium billboard or digital signage investigation near the closest cadastral parcels.,1045198,855060467,2013652,316,184294,O,N,A,441249.0,,305430095.0,1723457770000,441249,855061155,1451537,,13406248,P,G,,701008191.0,1723458779000,1537.1953125,162.00283902137278,4099782,701311364,178058,1\TP79184,101,15,Y,N,316,TP79184,1,,,,,,,,,,,,N,,A,,46e08b49-4927-4beb-ad93-5021e9049ceb,353321.0,843715867,1449390,13397308,A,G,0.17,881946754000,559968274.0,1669022409000,1005,,700936084,1714565204000,903.71875,130.38214525147018
2329,NEPEAN/WARRIGAL/BALCOMBE,-37.982174,145.071351,,,,,2014-2026,Verified high-exposure advertising corridor. Long-term SCATS traffic volume can indicate sustained roadside visibility and potential suitability for premium billboard or digital signage investigation near the closest cadastral parcels.,2158969,292049763,1435371,335,488745,O,N,A,,,,1223326623000,383178,720369902,1425740,,13196335,P,G,,507511276.0,1676177118000,1107.1015625,142.2566410917394,3161911,831796438,423039984,605\PS728658,101,15,Y,N,335,PS728658,605,N,,,,,,,,,,,N,151857,A,1459987200000.0,8ec31e2e-7433-11ed-814e-8b683341a830,423635.0,720292166,423040099,423040102,A,G,0.49,1447200498000,720780575.0,1708599519000,383178,1447200516000.0,510657940,1676176922000,2740.59375,230.27608165270297
538,BURWOOD HWY/STANLEY/FORTESCUE,-37.855474,145.175184,,,,,2014-2026,Verified high-exposure advertising corridor. Long-term SCATS traffic volume can indicate sustained roadside visibility and potential suitability for premium billboard or digital signage investigation near the closest cadastral parcels.,3204484,649907839,431689085,372,,G,N,A,1010.0,1585705000000.0,607801270.0,1629996947000,393516,746605896,431689203,,431689206,B,G,1585705038000.0,649907977.0,1682833316000,7324.78125,360.9893196738009,413141,746950937,431688978,109\PS814182,101,15,Y,N,372,PS814182,109,N,,,,,,,,,,,N,,A,1618444800000.0,4307e194-9b70-11ed-91eb-2db214f9af29,393516.0,746527656,431689201,431689204,A,G,0.46,1585704995000,649907991.0,1682932736000,393516,1585705034000.0,607513472,1682833145000,7324.78125,360.9893196738009
849,CANTERBURY/MITCHAM/BORONIA,-37.836096,145.195312,,,,,2014-2026,Verified high-exposure advertising corridor. Long-term SCATS traffic volume can indicate sustained roadside visibility and potential suitability for premium billboard or digital signage investigation near the closest cadastral parcels.,1322604,282862459,150613070,372,239534,O,Y,A,,,,1171660383000,393516,746582514,3293737,219074353,216593588,P,G,,415341010.0,1682833289000,9214.8984375,399.7486748508157,2313738,582523384,1472158,3\LP14108,101,15,N,N,372,LP14108,3,,,,,,,,,,,,N,,A,,,1004.0,746506562,4693209,41963160,A,G,0.19,881259176000,311635588.0,1573211748000,393516,,418282367,1682833121000,382.921875,123.76581601845457
4155,HIGH NR WALKER,-37.78381,144.996148,,,,,2014-2026,Verified high-exposure advertising corridor. Long-term SCATS traffic volume can indicate sustained roadside visibility and potential suitability for premium billboard or digital signage investigation near the closest cadastral parcels.,658921,871074907,160263,316,206309,O,N,A,475129.0,,97484347.0,1754040918000,475129,871074903,2206718,,21412080,P,G,,701036123.0,1754040917000,733.390625,113.22564759814539,1393903,872709922,457939174,3GF\PS900086,102,15,Y,N,316,PS900086,3GF,N,,,,,,,,,,,N,,A,1756252800000.0,,1004.0,872470102,457939401,457939404,A,G,5.22,1737586210000,872470201.0,1757072016000,478695,1737586241000.0,871852335,1756811011000,16287.6953125,550.3116488512278
2103,EASTERN HWY/SMITH,-37.794078,144.985112,,,,,2014-2026,Verified high-exposure advertising corridor. Long-term SCATS traffic volume can indicate sustained roadside visibility and potential suitability for premium billboard or digital signage investigation near the closest cadastral parcels.,3405324,114714712,871339,376,117775,O,N,A,,,,1006181545000,400577,777585250,3341309,,29385321,P,G,,415530525.0,1688273524000,678.5703125,107.73665035447394,4071243,777744575,427539828,402\PS738897,101,15,Y,N,376,PS738897,402,N,,,,,,,,,,,N,,A,1539561600000.0,128f14ca-d1b0-11ed-924a-ebb2d65c7c1f,400577.0,777553839,427540043,427540059,A,G,0.74,1517304078000,604103842.0,1688376063000,400577,1517304109000.0,561623286,1688273377000,2372.5078125,212.6116409033113
2316,NEPEAN/NORTH,-37.899837,145.006459,,,,,2014-2026,Verified high-exposure advertising corridor. Long-term SCATS traffic volume can indicate sustained roadside visibility and potential suitability for premium billboard or digital signage investigation near the closest cadastral parcels.,2385559,309111597,218138843,322,71438,O,Y,A,,1316609120000.0,,1316609120000,391115,739103948,2311741,218970444,22141136,P,G,,413956858.0,1680416441000,403.4140625,86.49941784014085,2984602,833057240,428779591,PC376846,102,15,N,N,322,PC376846,,N,,,,,,,,,,,N,94322,A,1706572800000.0,,424106.0,826719853,428779598,428779600,A,G,0.23,1535508027000,826719964.0,1709036988000,421343,1535508103000.0,739046101,1706690239000,5040.140625,301.6169235856698
2326,NEPEAN/BAY/KAREN,-37.957435,145.051922,,,,,2014-2026,Verified high-exposure advertising corridor. Long-term SCATS traffic volume can indicate sustained roadside visibility and potential suitability for premium billboard or digital signage investigation near the closest cadastral parcels.,57713,875589889,457096399,335,540696,O,N,P,484773.0,1721054487000.0,853833465.0,1762360259000,485266,876009831,457096513,457096514,457096516,P,G,1721054518000.0,870232105.0,1762961559000,6942.7109375,355.1617609629177,9415,875589940,457095227,204A\PS849889,102,15,Y,N,335,PS849889,204A,N,,,,,,,,,,,N,188413,P,,,484773.0,876009739,457096512,457096515,P,G,0.18,1721054482000,853832289.0,1762360261000,485266,1721054515000.0,870232078,1762961557000,6942.7109375,355.1617609629177
3384,HODDLE/LANGRIDGE,-37.807161,144.991773,,,,,2014-2026,Verified high-exposure advertising corridor. Long-term SCATS traffic volume can indicate sustained roadside visibility and potential suitability for premium billboard or digital signage investigation near the closest cadastral parcels.,1290132,114705810,868072,376,104135,O,N,A,,,,1006176936000,400577,777592343,2873076,,25996325,P,G,,415537454.0,1688273533000,797.9375,133.31331229840893,1047887,291327016,208505063,1\TP918559,101,15,N,N,376,TP918559,1,,,,,,,,,,,,N,,A,,,,777560763,208505062,208505061,A,G,1.64,1164717622000,,1219661380000,400577,1164717622000.0,418474441,1688273385000,185.15625,56.696677333301054
2337,NEPEAN/CUMMINS/PATTERSON,-37.924902,145.026256,,,,,2014-2026,Verified high-exposure advertising corridor. Long-term SCATS traffic volume can indicate sustained roadside visibility and potential suitability for premium billboard or digital signage investigation near the closest cadastral parcels.,2263040,512527909,52933051,306,77420,O,Y,A,1004.0,,313051690.0,1463142637000,376766,702992902,3457041,218946145,30246656,P,G,,512145986.0,1669530125000,426436.75,3638.5193762016956,2331897,703329198,384662,1\TP83305,101,15,N,N,306,TP83305,1,,,,,,,,,,,,N,,A,,d6e73149-f91d-4ab1-93df-80bea89886b6,376766.0,838288461,3457041,30246656,A,G,0.88,884955690000,311050183.0,1669801267000,1005,,702946743,1711455862000,291842.4609375,2116.171941358624
2173,SYDNEY/WRR,-37.692181,144.95865,,,,,2014-2026,Verified high-exposure advertising corridor. Long-term SCATS traffic volume can indicate sustained roadside visibility and potential suitability for premium billboard or digital signage investigation near the closest cadastral parcels.,250586,292162683,2018968,351,,O,N,A,,,,1223685647000,389528,733609356,1171258,,10952277,P,G,,590680120.0,1679198888000,5411.875,530.8185747322212,631546,782326889,426728090,2\TP517478,101,15,N,Y,333,TP517478,2,N,,,,,,,,,,,N,,A,,0b193877-5e28-11ed-9f7d-3b7a95d24e10,401358.0,849771095,426728112,426728116,A,G,0.5,1502977374000,734036445.0,1688993072000,1005,1502977411000.0,781640670,1717445625000,3764.3671875,313.2076070882241
2701,MELTON HWY/SUNSHINE,-37.701628,144.800222,,,,,2014-2026,Verified high-exposure advertising corridor. Long-term SCATS traffic volume can indicate sustained roadside visibility and potential suitability for premium billboard or digital signage investigation near the closest cadastral parcels.,1830346,295160693,212834344,308,883371,O,Y,A,,1239887409000.0,,1239887409000,353320,696576643,1237355,218956637,11556629,P,G,,413561699.0,1667777364000,24556.21875,656.3242713785153,1738377,697184652,52466193,1\PS303639,101,15,N,N,308,PS303639,1,,,,,,,,,,,,N,26056,A,694137600000.0,15f4b0ae-2be5-11ed-aba8-37d8a551356f,353320.0,837222721,3823697,33262311,A,G,0.1,896347964000,521879717.0,1667889746000,1005,,696491900,1710931382000,2588.3203125,204.80062531751682
3383,HODDLE/GIPPS,-37.804991,144.99213,,,,,2014-2026,Verified high-exposure advertising corridor. Long-term SCATS traffic volume can indicate sustained roadside visibility and potential suitability for premium billboard or digital signage investigation near the closest cadastral parcels.,783892,538827158,422702138,376,478840,O,N,A,165922.0,1441588119000.0,501924631.0,1505753312000,400577,777591252,422702156,422702157,422702159,P,G,1441588136000.0,730519973.0,1688273531000,790.546875,118.12248826598712,2702121,777740710,422702112,101\PS736206,101,15,Y,N,376,PS736206,101,N,,,,,,,,,,,N,,A,1505433600000.0,04965a53-d1b0-11ed-b143-8352e446bfda,400577.0,777559669,422702155,422702158,A,G,1.87,1441588117000,538849772.0,1688376047000,400577,1441588134000.0,730515945,1688273384000,790.546875,118.12248826598712
948,PHE/SPRINGVALE BYPASS/Westall,-37.924655,145.143566,,,,,2014-2026,Verified high-exposure advertising corridor. Long-term SCATS traffic volume can indicate sustained roadside visibility and potential suitability for premium billboard or digital signage investigation near the closest cadastral parcels.,3941097,550118810,172684865,348,223666,O,N,A,189823.0,1079426351000.0,297535130.0,1524046704000,395111,755746730,172684864,,172684863,P,G,1079426351000.0,566803900.0,1684047065000,20668.234375,615.6604158639784,1674818,761116464,217321525,R1\PS625000,101,15,N,Y,326,PS625000,R1,N,,,,,,,,,,,N,,A,1326067200000.0,c6344201-b0a8-11ed-80bf-0996f5f8713f,396664.0,844153606,217321524,217321523,A,G,0.57,1310130059000,311652096.0,1685351826000,414169,1310130059000.0,760651970,1714878087000,3525.75,821.044169807307
2020,BURWOOD HWY NR MILPERA,-37.863825,145.219784,,,,,2014-2026,Verified high-exposure advertising corridor. Long-term SCATS traffic volume can indicate sustained roadside visibility and potential suitability for premium billboard or digital signage investigation near the closest cadastral parcels.,2626102,880216366,1269770,336,296473,O,N,A,494599.0,,261962005.0,1771510163000,398220,766661396,3392542,,29862438,P,G,,415999280.0,1686462572000,1096.828125,144.40098373825373,2703552,879973481,1269770,12\LP117445,101,15,N,N,336,LP117445,12,,,,,,,,,,,,N,14394,A,232243200000.0,,493866.0,766586103,3392542,29862438,A,G,0.18,884080871000,262068482.0,1771230610000,398220,,419067418,1686462369000,1096.828125,144.40098373825373
1156,SOUTH GIPPSLAND HWY BTW STATION/LOCH,-38.100842,145.282694,,,,,2014-2026,Verified high-exposure advertising corridor. Long-term SCATS traffic volume can indicate sustained roadside visibility and potential suitability for premium billboard or digital signage investigation near the closest cadastral parcels.,3609074,731076938,152515815,312,91656,O,Y,A,1004.0,1071051599000.0,666768143.0,1679040130000,499297,882864929,1199076,218960210,214552075,P,G,,873251602.0,1775967166000,622826.6953125,25068.245844393987,2371565,752614709,213232153,1\TP547478,101,15,N,N,312,TP547478,1,,,,,,,,,,,,N,84813,A,,49d9f2a0-ab29-11ed-bb5d-1533b0eeed1b,394170.0,751706364,213232152,213232151,A,G,4.48,1246358600000,667841718.0,1683539386000,394170,1246358600000.0,419126546,1683442900000,7876.5,490.17617189457997
814,MT DANDENONG NR LILYDALE-MON,-37.810355,145.343284,,,,,2014-2026,Verified high-exposure advertising corridor. Long-term SCATS traffic volume can indicate sustained roadside visibility and potential suitability for premium billboard or digital signage investigation near the closest cadastral parcels.,411225,270800226,1349036,377,188342,O,N,A,,,,1117730700000,414582,830189749,2506909,,23491579,P,G,,819884862.0,1707835406000,1428.9609375,169.914734873131,1411261,820269689,2081910,2\PS406230,101,15,N,N,377,PS406230,2,,,,,,,,,,,,N,111311,A,861753600000.0,4f7d3701-3f59-11ee-a454-6d763e925aef,417948.0,846313354,3332954,29316092,A,G,0.5,882868366000,275588391.0,1702967401000,1005,,819806213,1715862472000,236.640625,65.30820573278265
3385,HODDLE/VICTORIA,-37.809908,144.99132,,,,,2014-2026,Verified high-exposure advertising corridor. Long-term SCATS traffic volume can indicate sustained roadside visibility and potential suitability for premium billboard or digital signage investigation near the closest cadastral parcels.,3313189,316394365,220842761,343,533344,O,Y,A,,1358264828000.0,,1358264872000,388080,729445276,2183864,203475380,221261377,P,G,,675848740.0,1677988072000,11637.0,605.0843684300327,581370,777726273,202152407,6\SP24718,101,15,Y,N,376,SP24718,6,,,,,,,,,,,,N,,A,527299200000.0,1414360d-d1b0-11ed-9bb3-457fc4123af9,400577.0,777562157,2501083,23473173,A,G,1.68,1093270566000,311721940.0,1688375985000,400577,,418475865,1688273387000,1091.75,136.2286474800592
4461,FLEMINGTON/RACECOURSE/ELLIOT,-37.789404,144.942166,,,,,2014-2026,Verified high-exposure advertising corridor. Long-term SCATS traffic volume can indicate sustained roadside visibility and potential suitability for premium billboard or digital signage investigation near the closest cadastral parcels.,1677408,272549232,1376744,343,103903,O,N,A,,,,1124825011000,388080,729432243,2703832,,24755793,P,G,,414696293.0,1677988040000,244.75,89.89425103371212,824956,729606030,2088906,8\SP26040,101,15,N,N,343,SP26040,8,,,,,,,,,,,,N,90949,A,547344000000.0,1c1e63ec-5eed-11ed-a6ab-9598f18939bc,388080.0,729411559,2375031,22591326,A,G,0.8,877929037000,308155410.0,1678101590000,388080,,417588585,1677987901000,299.3125,73.83382040083362
2104,EASTERN HWY/WELLINGTON,-37.794388,144.988164,,,,,2014-2026,Verified high-exposure advertising corridor. Long-term SCATS traffic volume can indicate sustained roadside visibility and potential suitability for premium billboard or digital signage investigation near the closest cadastral parcels.,2326216,276533750,865233,376,117875,O,N,A,,,,1143199428000,400577,777585366,3339257,,29379620,P,G,,415530637.0,1688273524000,233.65625,80.87082645774917,4121757,777755485,53012786,1\PS414480,101,15,N,N,376,PS414480,1,,,,,,,,,,,,N,,A,1018310400000.0,fbf973f6-d1af-11ed-ae2c-49522cbbc521,400577.0,845397952,4821070,42643102,A,G,0.26,1000981639000,308724083.0,1688376105000,1005,,777554076,1715330699000,162.4765625,51.825970614595455
4744,TOORAK NR SURREY,-37.839857,144.998594,,,,,2014-2026,Verified high-exposure advertising corridor. Long-term SCATS traffic volume can indicate sustained roadside visibility and potential suitability for premium billboard or digital signage investigation near the closest cadastral parcels.,1230537,87683836,50249762,363,49975,O,N,A,,,,943888115000,414169,830484658,4768339,208461758,42337859,P,G,,722291811.0,1708222266000,2048.296875,284.15401452509883,1275446,722513122,50249768,14\PS332433,101,15,Y,N,363,PS332433,14,,,,,,,,,,,,N,35605,A,782352000000.0,c5b3a9ad-75b5-11ed-8e01-f55a47062940,386222.0,830484639,4768339,42337859,A,G,1.18,878922697000,543677958.0,1676881011000,414169,,722257343,1708222264000,2048.296875,284.15401452509883
2407,PHE/LORNE (X LAKESIDE),-37.850738,144.978351,,,,,2014-2026,Verified high-exposure advertising corridor. Long-term SCATS traffic volume can indicate sustained roadside visibility and potential suitability for premium billboard or digital signage investigation near the closest cadastral parcels.,1121735,493749000,421678006,358,254857,O,Y,A,50507.0,,,1424180363000,468319,868082017,4252616,219062721,220711672,P,G,,743049739.0,1749048918000,840765.8203125,7483.992298303081,3949128,517345770,209821090,2116\PP3084D,101,14,N,Y,358,,,,2116,,,,,G,3084,3084D,P378380,,N,,A,,,118159.0,743018554,209821089,209821088,A,G,11.21,1188471452000,317377624.0,1471420766000,392259,1188471452000.0,581826612,1681619209000,153231.2578125,17899.577518988306
2336,NEPEAN/DENDY,-37.922877,145.024464,,,,,2014-2026,Verified high-exposure advertising corridor. Long-term SCATS traffic volume can indicate sustained roadside visibility and potential suitability for premium billboard or digital signage investigation near the closest cadastral parcels.,2263038,512527907,52933049,306,103925,O,Y,A,1004.0,,313051693.0,1463142637000,376766,702992902,3457041,218946145,30246656,P,G,,512145986.0,1669530125000,426436.75,3638.5193762016956,2200957,703314804,204885340,1\TP545123,101,15,N,N,306,TP545123,1,,,,,,,,,,,,N,,A,,836bf316-53b9-48e1-b2e0-6f53b55000a9,376766.0,838282643,204885339,204885337,A,G,0.88,1127390813000,311050159.0,1669801199000,1005,1127390813000.0,702946392,1711455858000,44203.1328125,993.4981754075768
2101,EASTERN HWY/QUEENS/BRUNSWICK,-37.793121,144.979346,,,,,2014-2026,Verified high-exposure advertising corridor. Long-term SCATS traffic volume can indicate sustained roadside visibility and potential suitability for premium billboard or digital signage investigation near the closest cadastral parcels.,3901780,280552562,208254967,376,311550,O,Y,A,,1160476746000.0,,1160476746000,400577,777584647,173939416,219088744,173939415,P,G,1091020085000.0,481981597.0,1688273523000,361.1640625,101.80029672293676,497400,777737104,221087176,304\PS710975,101,15,Y,N,376,PS710975,304,N,,,,,,,,,,,N,,A,1398988800000.0,074c8c97-d1b0-11ed-9bcb-2de7cee6e49d,400577.0,777553072,221087155,221087154,A,G,1.88,1363592272000,484948117.0,1688376032000,400577,1363592272000.0,481981592,1688273376000,931.34375,128.7244465584088
2172,WRR/PASCOE VALE,-37.694667,144.915258,,,,,2014-2026,Verified high-exposure advertising corridor. Long-term SCATS traffic volume can indicate sustained roadside visibility and potential suitability for premium billboard or digital signage investigation near the closest cadastral parcels.,498501,869483325,422282932,351,56804,O,Y,A,1004.0,,498524588.0,1751023085000,471930,869634216,219002595,219055647,219003864,P,G,1326455935000.0,869297515.0,1751381393000,109416.1796875,5890.736136944217,4145374,869482171,213944437,1\TP972182,102,15,N,N,351,TP972182,1,,,,,,,,,,,,N,,A,,,1005.0,869634208,213944436,213944435,A,G,18.16,1257766711000,864668644.0,1751021817000,471930,1257766711000.0,869297505,1751381391000,193563.5078125,8688.672230409706
5296,PHW/FEDERATION TRAIL,-37.819275,144.840111,,,,,2014-2026,Verified high-exposure advertising corridor. Long-term SCATS traffic volume can indicate sustained roadside visibility and potential suitability for premium billboard or digital signage investigation near the closest cadastral parcels.,3478468,523091200,421642745,308,1023480,O,Y,A,1005.0,,495276321.0,1480937922000,353320,696655788,421361028,421642761,421361031,P,G,1418344787000.0,677990761.0,1667777465000,116670.84375,1589.9496029951324,2168342,697184388,52464402,1\TP447993,101,15,N,N,308,TP447993,1,,,,,,,,,,,,N,41917,A,,6695b15c-6977-45ff-a35f-e284815ea3a5,353320.0,837228782,4641591,41693062,A,G,0.68,896098469000,292438041.0,1667889744000,1005,,696569781,1710931385000,4379.75,308.62763472535966
2315,NEPEAN/MARTIN/GARDENVALE,-37.897608,145.005663,,,,,2014-2026,Verified high-exposure advertising corridor. Long-term SCATS traffic volume can indicate sustained roadside visibility and potential suitability for premium billboard or digital signage investigation near the closest cadastral parcels.,3245494,292444113,212023368,306,,O,N,A,,1225882929000.0,,1225882929000,376766,702978387,4551052,217934811,40362480,P,G,,413453720.0,1669530100000,958.1796875,339.14352269902525,3342552,703318520,212023366,8\RP12638,101,15,Y,N,306,RP12638,8,,,,,,,,,,,,N,,A,277344000000.0,208f2de8-3486-11ed-b29a-2f9ce751e390,376766.0,702934406,4551052,40362480,A,G,0.43,1225882928000,314369452.0,1669801220000,376766,,416306362,1669529893000,958.1796875,339.14352269902525
2498,PHW NR WALES,-37.805355,144.880191,,,,,2014-2026,Verified high-exposure advertising corridor. Long-term SCATS traffic volume can indicate sustained roadside visibility and potential suitability for premium billboard or digital signage investigation near the closest cadastral parcels.,703988,538397047,425295252,341,152232,O,N,A,164516.0,1480985534000.0,531629408.0,1505269836000,395854,757708788,425295303,425295304,425295308,P,G,1480985558000.0,531629440.0,1684646522000,10167.3359375,459.3100691044806,2040070,757881102,425295211,109\PS746280,101,15,Y,N,341,PS746280,109,N,,,,,,,,,,,N,80344,A,1494460800000.0,8d623b52-69f1-11ed-843b-57d4490eff83,395854.0,757671672,425295301,425295306,A,G,0.1,1480985532000,531629346.0,1684748233000,395854,1480985557000.0,531629308,1684646379000,10167.3359375,459.3100691044806
3393,PUNT/SWAN,-37.824602,144.988855,,,,,2014-2026,Verified high-exposure advertising corridor. Long-term SCATS traffic volume can indicate sustained roadside visibility and potential suitability for premium billboard or digital signage investigation near the closest cadastral parcels.,1126583,290201637,210212263,376,319230,O,N,A,,1196330147000.0,,1215204756000,400577,777601732,3158424,,28071339,P,G,,415658498.0,1688273545000,726.4296875,142.94534770449582,1914726,311688624,211417461,1\TP877248,101,15,N,N,376,TP877248,1,,,,,,,,,,,,N,,A,,,,880342515,211417460,211417388,A,S,0.3,1215180526000,301806567.0,1327325807000,494493,1215180526000.0,878093136,1771732853000,1934.96875,235.7051212701219
2406,PHE/QUEENS,-37.836233,144.973047,,,,,2014-2026,Verified high-exposure advertising corridor. Long-term SCATS traffic volume can indicate sustained roadside visibility and potential suitability for premium billboard or digital signage investigation near the closest cadastral parcels.,1121735,493749000,421678006,358,254857,O,Y,A,50507.0,,,1424180363000,468319,868082017,4252616,219062721,220711672,P,G,,743049739.0,1749048918000,840765.8203125,7483.992298303081,51201,743580555,202440310,723\PS500424,101,15,Y,N,358,PS500424,723,N,,,,,,,,,,,N,77625,A,,19500a49-9071-11ed-8fe3-bfc09f12b812,392259.0,743015988,150609825,150609824,A,G,3.35,1097508179000,743178242.0,1682067647000,392259,,418612331,1681619205000,7025.1640625,391.5121663582232
3390,PUNT/BRIDGE/HODDLE/WELLINGTON,-37.817555,144.990013,,,,,2014-2026,Verified high-exposure advertising corridor. Long-term SCATS traffic volume can indicate sustained roadside visibility and potential suitability for premium billboard or digital signage investigation near the closest cadastral parcels.,547665,294534644,212418187,376,374120,O,N,A,,1232375316000.0,,1235561045000,400577,777597253,210391082,219090362,210391043,P,G,1200298773000.0,687709435.0,1688273539000,2148.4921875,186.32900347924308,4135943,729698205,50189395,30\PS310669,101,15,Y,N,343,PS310669,30,,,,,,,,,,,,N,31648,A,769651200000.0,1e0cec41-5eed-11ed-8769-c9ff6c1bb280,388080.0,801235542,2631296,24311322,A,G,0.32,878393491000,269565608.0,1678102078000,1005,,800709769,1695725957000,8235.7421875,610.0473344427486
3389,HODDLE/FREEMAN,-37.815331,144.990367,,,,,2014-2026,Verified high-exposure advertising corridor. Long-term SCATS traffic volume can indicate sustained roadside visibility and potential suitability for premium billboard or digital signage investigation near the closest cadastral parcels.,1955559,318366104,2014386,376,177020,O,N,A,,,295267907.0,1370639708000,400577,777596260,2502376,,23487018,P,G,,415656015.0,1688273538000,1468.1640625,160.49093608039962,480967,777735622,218847943,12\SP27785,101,15,Y,N,376,SP27785,12,Y,,,,,,,,,,,N,,A,571363200000.0,16068ab6-d1b0-11ed-85d2-d5b97b817797,400577.0,777564127,2502171,23483416,A,G,0.1,1323683212000,312051924.0,1688376025000,400577,,730516363,1688273390000,766.9296875,111.09479158380961
3681,MONASH/WARRIGAL,-37.883239,145.090011,,,,,2014-2026,Verified high-exposure advertising corridor. Long-term SCATS traffic volume can indicate sustained roadside visibility and potential suitability for premium billboard or digital signage investigation near the closest cadastral parcels.,1662675,104314644,2011488,363,18631,O,N,A,,,,991151000000,386222,722323337,2654775,,24440201,P,G,,678841217.0,1676781712000,1764.6015625,184.3981555521641,112819,722466334,2011486,1\TP167498,101,15,N,N,363,TP167498,1,,,,,,,,,,,,N,22118,A,,7e56eef3-801e-45c6-911c-e164c07757ab,386222.0,843592453,2654774,24440199,A,G,2.22,878429485000,543715875.0,1676880732000,1005,,722287652,1714557782000,1804.828125,203.669062581278
2421,PHE/DARLING/KOORNANG,-37.883888,145.058073,,,,,2014-2026,Verified high-exposure advertising corridor. Long-term SCATS traffic volume can indicate sustained roadside visibility and potential suitability for premium billboard or digital signage investigation near the closest cadastral parcels.,3782414,530416771,172702046,363,19971,O,N,A,148482.0,1079515283000.0,529158326.0,1493377513000,386222,722323477,2648619,208448324,24391003,P,G,,415219745.0,1676781712000,1656.875,182.37277095849393,3887156,722462506,172702053,11\RP13438,101,15,Y,N,363,RP13438,11,,,,,,,,,,,,N,60768,A,293414400000.0,b84744e5-75b5-11ed-8a1e-171e4bf8363e,386222.0,843593031,2648619,24391003,A,G,0.26,1079515285000,543684449.0,1676880707000,1005,,722287542,1714557783000,1656.875,182.37277095849393
2320,NEPEAN/CENTRE,-37.915897,145.018118,,,,,2014-2026,Verified high-exposure advertising corridor. Long-term SCATS traffic volume can indicate sustained roadside visibility and potential suitability for premium billboard or digital signage investigation near the closest cadastral parcels.,57235,716853393,454616596,306,984621,O,Y,A,384345.0,1675088957000.0,,1675088957000,1007,810508995,4582531,454616600,40536777,P,G,,716853406.0,1699567043000,1077.9765625,160.2890143150363,3686896,857485497,52960214,5\PS446951,101,15,Y,N,306,PS446951,5,,,,,,,,,,,,N,148025,A,1036108800000.0,3334a7ed-3486-11ed-a48b-c9fe37ca2099,447897.0,702942738,150697379,150697378,A,G,0.1,989317935000,703357072.0,1728391482000,376766,,416313935,1669529908000,987.4296875,158.51413893305227
3706,WARRIGAL/MIDDLE,-37.886996,145.089382,,,,,2014-2026,Verified high-exposure advertising corridor. Long-term SCATS traffic volume can indicate sustained roadside visibility and potential suitability for premium billboard or digital signage investigation near the closest cadastral parcels.,730609,87514921,509936,363,18652,O,N,A,,,,943444077000,386222,722324206,2654037,,24438124,P,G,,415220426.0,1676781713000,1338.828125,177.01744980798318,807690,722519317,509935,28\LP6531,100,15,N,N,363,LP6531,28,,,,,,,,,,,TP480900,N,11470,A,,c9097947-aebe-43c5-a2ac-3aef895d2f99,386222.0,843592717,2654036,24438122,A,G,0.3,878429485000,543671538.0,1676881035000,1005,,722288229,1714557782000,1333.578125,177.01154129792783
2827,EASTERN FWY/BULLEEN/THOMPSONS,-37.779531,145.078645,,,,,2014-2026,Verified high-exposure advertising corridor. Long-term SCATS traffic volume can indicate sustained roadside visibility and potential suitability for premium billboard or digital signage investigation near the closest cadastral parcels.,2268324,871087850,428067158,307,,O,N,A,1004.0,1525859223000.0,594962215.0,1754047109000,430666,869101177,421102839,422818768,421102841,P,G,1414424686000.0,862015214.0,1750277886000,716539.2578125,10450.310599253391,4014278,569215303,785824,CP153108,101,15,N,N,307,CP153108,,,,,,,,,,,,,N,116035,A,417312000000.0,,1004.0,862014905,4449597,37641161,A,G,1.81,877558216000,305202982.0,1551439189000,1004,,859780120,1738026542000,56594.921875,1256.1462519695954
2302,NEPEAN/FITZROY/WELLINGTON,-37.856393,144.983185,,,,,2014-2026,Verified high-exposure advertising corridor. Long-term SCATS traffic volume can indicate sustained roadside visibility and potential suitability for premium billboard or digital signage investigation near the closest cadastral parcels.,2346902,859616083,457672874,358,270250,O,Y,A,452188.0,1732177954000.0,,1732177954000,392259,743051160,431967738,451981654,431967740,P,G,1590977248000.0,672872358.0,1681619341000,3790.0703125,268.248323874659,2155347,743196660,221730017,304\PS720250,101,15,Y,N,358,PS720250,304,N,,,,,,,,,,,N,125893,A,1440979200000.0,28e9b7e9-9071-11ed-9835-dd0ff5288aba,392259.0,743025840,221730008,221730007,A,G,0.1,1374771429000,502227705.0,1681722879000,392259,1374771429000.0,589220331,1681619217000,1522.296875,159.25313960042016
2416,PHE/NORMANBY/STATION,-37.868478,145.031261,,,,,2014-2026,Verified high-exposure advertising corridor. Long-term SCATS traffic volume can indicate sustained roadside visibility and potential suitability for premium billboard or digital signage investigation near the closest cadastral parcels.,2272268,115384580,360638,322,5428,O,N,A,,,,1011049305000,391115,739076968,1370339,,12749291,P,G,,413931848.0,1680416394000,715.734375,123.45632677803798,2064355,517328519,218463109,2020\PP3416A,101,14,N,Y,322,,,N,2020,,,,,G,3416,3416A,P386521,,N,,A,,,118159.0,739074954,218463108,218463107,A,G,6.3,1318940558000,317377487.0,1471420683000,391115,1318940558000.0,722288639,1680416288000,2430.640625,200.31907379861676
3671,ST GEORGES/MERRI/CHARLES,-37.776519,144.98974,,,,,2014-2026,Verified high-exposure advertising corridor. Long-term SCATS traffic volume can indicate sustained roadside visibility and potential suitability for premium billboard or digital signage investigation near the closest cadastral parcels.,1832541,540430221,427049764,316,,G,N,A,168987.0,1508167996000.0,,1508167996000,353321,701031497,427049763,,427049762,B,G,1508167995000.0,540430198.0,1668925910000,2252.75,206.5422325024503,2582110,701373686,53082152,1\PS506229,101,15,N,N,316,PS506229,1,,,,,,,,,,,,N,,A,1036022400000.0,277c9e04-2f1a-11ed-8b03-47f3d9b37fc2,353321.0,700958789,150678812,150678811,A,G,3.62,1017225251000,308361512.0,1669022757000,353321,,418708757,1668925634000,280.9609375,89.57303230134585
2422,PHE/MURRUMBEENA/BELGRAVE,-37.884552,145.067478,,,,,2014-2026,Verified high-exposure advertising corridor. Long-term SCATS traffic volume can indicate sustained roadside visibility and potential suitability for premium billboard or digital signage investigation near the closest cadastral parcels.,1933745,285622289,173736200,322,18138,O,N,A,,1089620156000.0,,1190317697000,414169,815895980,173736199,,221214972,P,G,1089620156000.0,739085658.0,1701726932000,1154.3203125,144.47750765022235,527227,722466282,2010890,3\TP809519,101,15,N,N,363,TP809519,3,,,,,,,,,,,,N,22093,A,,bcab1fd9-75b5-11ed-9d2d-075291dcc79c,386222.0,722287803,2650104,24397949,A,G,0.1,878418669000,543715540.0,1676880731000,386222,,418144925,1676781554000,1116.765625,155.68146195077952
984,MAIN/FITZSIMONS,-37.733108,145.13745,,,,,2014-2026,Verified high-exposure advertising corridor. Long-term SCATS traffic volume can indicate sustained roadside visibility and potential suitability for premium billboard or digital signage investigation near the closest cadastral parcels.,3160536,261068808,986075,356,168457,O,N,A,,,,1078841657000,353322,698331741,3074706,,27370217,P,G,,577810527.0,1668310998000,718.3046875,110.00472778075637,2234525,698546636,52574891,PC362411,100,15,N,N,356,PC362411,,,,,,,,,,,,,N,22922,A,933292800000.0,e8a24ece-6cbf-49b6-8f22-04df5a09c2f9,353322.0,698304995,4316835,203738254,A,G,0.26,917559208000,312126769.0,1668500672000,353322,,577810482,1668310820000,4282.7265625,255.7722533190062
3172,DANDENONG-HASTINGS/THOMPSONS,-38.077682,145.239462,,,,,2014-2026,Verified high-exposure advertising corridor. Long-term SCATS traffic volume can indicate sustained roadside visibility and potential suitability for premium billboard or digital signage investigation near the closest cadastral parcels.,120566,260400297,636824,312,45950,O,Y,A,,,,1075886966000,499254,882674321,3408419,218959148,29908270,P,G,,751842649.0,1775684418000,32105.3515625,719.7132424366781,2033418,604275040,428721209,R3\PS824449,101,15,N,Y,320,PS824449,R3,N,,,,,,,,,,,N,NCPR,A,1565568000000.0,,310505.0,784717060,428721212,428721215,A,G,0.51,1534392609000,598802122.0,1612856770000,401955,1534392651000.0,578529161,1689498552000,75061.265625,1949.3809941650054
2613,WESTERN HWY/MCINTYRE/ANDERSON,-37.777059,144.82872,,,,,2014-2026,Verified high-exposure advertising corridor. Long-term SCATS traffic volume can indicate sustained roadside visibility and potential suitability for premium billboard or digital signage investigation near the closest cadastral parcels.,2948623,786308571,455490331,308,,G,N,A,402895.0,1690205554000.0,,1690205554000,402895,786308539,455490330,,455490329,B,G,1690205554000.0,,1690205554000,91023.6015625,1217.0724169010637,1420492,697163424,2080968,12\PS408769,101,15,N,N,308,PS408769,12,,,,,,,,,,,,N,63946,A,866678400000.0,9936a350-848a-4a3f-87ce-af1284e58294,353320.0,696548807,3466496,30303636,A,G,0.16,878469078000,77222087.0,1667889616000,353320,,416459080,1667777152000,17509.6171875,634.1797545404573
2003,BURWOOD HWY NR PLC,-37.849887,145.106529,,,,,2014-2026,Verified high-exposure advertising corridor. Long-term SCATS traffic volume can indicate sustained roadside visibility and potential suitability for premium billboard or digital signage investigation near the closest cadastral parcels.,4016913,864723850,202853027,372,241130,O,Y,A,463251.0,1108036549000.0,267998481.0,1743491886000,463251,864723844,4578527,219073513,40515985,P,G,,746600007.0,1743491886000,241750.1328125,2125.62970966201,3427684,746954134,52595615,3\PS424197,101,15,N,N,372,PS424197,3,,,,,,,,,,,,N,,A,953596800000.0,36da97f8-9b70-11ed-a195-c7e6d1a3a61f,393516.0,746522514,4449935,37643631,A,G,0.12,922301399000,275749051.0,1682932750000,393516,,418296985,1682833139000,313.6484375,90.51774381715877
4901,WESTGATE FWY WB/MONTAGUE,-37.826556,144.945968,,,,,2014-2026,Verified high-exposure advertising corridor. Long-term SCATS traffic volume can indicate sustained roadside visibility and potential suitability for premium billboard or digital signage investigation near the closest cadastral parcels.,144078,669794783,422581345,358,255390,O,Y,A,1004.0,,500507795.0,1639730266000,392259,743036819,4446991,421678046,37621727,P,G,,669606810.0,1681619322000,57693.0390625,1527.114781923013,2788264,872779123,221455602,14B~103\PP3084D,102,14,N,N,343,,,N,14B,103,,,,C,3084,3084D,P390174,OP120247,N,147582,A,,,479251.0,845401857,221455601,221185643,A,G,9.86,1370950140000,529681680.0,1757430917000,1005,1370950140000.0,729429725,1715330876000,20993.75,680.4348694994975
2411,PHE/HOTHAM/WILLIAMS,-37.859184,145.001334,,,,,2014-2026,Verified high-exposure advertising corridor. Long-term SCATS traffic volume can indicate sustained roadside visibility and potential suitability for premium billboard or digital signage investigation near the closest cadastral parcels.,524311,264647693,1685976,358,200621,O,N,A,,,,1089895724000,483098,874853801,2237491,,21625733,P,G,,743052102.0,1761035770000,128101.9921875,1477.0658994001144,547321,743219114,50209048,3\RP17592,101,15,Y,N,358,RP17592,3,,,,,,,,,,,,N,99433,A,390700800000.0,21ce7cce-9071-11ed-9329-4dc3c0f9e2e7,392259.0,743026479,2729815,24934948,A,G,0.22,878523104000,305310224.0,1681722969000,392259,,418072935,1681619219000,3003.796875,276.46619767807755
2108,EASTERN HWY/GEORGE,-37.793786,144.982394,,,,,2014-2026,Verified high-exposure advertising corridor. Long-term SCATS traffic volume can indicate sustained roadside visibility and potential suitability for premium billboard or digital signage investigation near the closest cadastral parcels.,1174341,280689324,208300509,376,317010,O,Y,A,,1161338262000.0,,1161338262000,400577,777585163,1561281,219086547,14495403,P,G,,415530427.0,1688273524000,7804.84375,361.1030490738826,1215201,311685420,1025085,1\TP248053,101,15,N,N,376,TP248053,1,,,,,,,,,,,,N,,A,,,,777553692,1561281,14495403,A,G,7.85,881849532000,300708679.0,1327325045000,400577,,418467508,1688273377000,7804.84375,361.1030490738826
4742,TOORAK NR OSBORNE,-37.839045,144.992039,,,,,2014-2026,Verified high-exposure advertising corridor. Long-term SCATS traffic volume can indicate sustained roadside visibility and potential suitability for premium billboard or digital signage investigation near the closest cadastral parcels.,2866206,761467218,455207472,363,87233,O,Y,A,397216.0,1685615524000.0,,1685615524000,406654,795519318,2597992,208464137,24129085,P,G,,722291086.0,1693305911000,710.5703125,114.91532683443111,3178187,722457814,1557652,1\TP514665,101,15,N,N,363,TP514665,1,,,,,,,,,,,,N,22984,A,,a4bdece5-b6fa-44a6-b366-8c960f4e1e79,386222.0,722256788,2597359,24127703,A,G,0.11,878314214000,543707409.0,1676880674000,386222,,418613416,1676781496000,985.1015625,128.3109749632104
195,PHE (LONSDALE)/WALKER,-37.988178,145.214399,,,,,2014-2026,Verified high-exposure advertising corridor. Long-term SCATS traffic volume can indicate sustained roadside visibility and potential suitability for premium billboard or digital signage investigation near the closest cadastral parcels.,208489,856703899,457401510,326,,O,N,P,445444.0,1726793393000.0,,1726793393000,445444,856703932,457401513,457401514,457401516,P,G,1726793415000.0,,1726793415000,1050.6484375,188.53265910484146,373470,879164234,52921146,4\SP26183,101,15,Y,N,326,SP26183,4,,,,,,,,,,,,N,311815,A,550195200000.0,d0401c60-b0a8-11ed-bf86-f5d10a9ae35e,491431.0,760702497,4639434,203745900,A,G,0.16,984050937000,761129161.0,1769674586000,396664,,416983732,1685252760000,4491.2578125,287.13590638259757
3075,BELL NR ALICE,-37.740389,144.957143,,,,,2014-2026,Verified high-exposure advertising corridor. Long-term SCATS traffic volume can indicate sustained roadside visibility and potential suitability for premium billboard or digital signage investigation near the closest cadastral parcels.,966886,310708276,212806795,351,29654,O,N,A,,1239277546000.0,,1323173721000,389528,733656966,212806794,212806822,212806793,P,G,1239277546000.0,414965065.0,1679198949000,181.1875,58.15698692937305,3196335,734064956,841811,1\TP411996,101,15,N,N,351,TP411996,1,,,,,,,,,,,,N,,A,,cdb3f2d5-0141-42c3-b199-aea50dfbaa5d,1005.0,733576820,2357065,22468062,A,G,0.31,877896650000,109388722.0,1679301783000,389528,,417862069,1679198755000,409.9921875,104.48875278871114
1144,BORONIA NR AMESBURY & ROXBURGH,-37.851476,145.239713,,,,,2014-2026,Verified high-exposure advertising corridor. Long-term SCATS traffic volume can indicate sustained roadside visibility and potential suitability for premium billboard or digital signage investigation near the closest cadastral parcels.,626350,880229868,1271677,336,296779,O,N,A,494599.0,,261963726.0,1771510181000,466403,866488386,1225356,,11418389,P,G,,766646556.0,1746543844000,1165.4921875,150.44579285516187,1811220,879966633,97240,1\PS402229,101,15,N,N,336,PS402229,1,,,,,,,,,,,,N,14698,A,855273600000.0,,493866.0,766572059,1226852,11425096,A,G,0.1,881226771000,83458902.0,1771230601000,398220,,417353382,1686462352000,808.265625,116.94210760788543
2327,NEPEAN/CHESTERVILLE/CHARMAN,-37.9633,145.056087,,,,,2014-2026,Verified high-exposure advertising corridor. Long-term SCATS traffic volume can indicate sustained roadside visibility and potential suitability for premium billboard or digital signage investigation near the closest cadastral parcels.,1496355,292015820,431163,335,472919,O,N,A,,,,1223325044000,383178,720358126,2430793,,22926004,P,G,,415806561.0,1676177103000,1505.8515625,168.26871022454077,1560478,874652586,431163,2\LP7865,101,15,N,N,335,LP7865,2,,,,,,,,,,,,N,108384,A,-1562716800000.0,f646c292-0ac3-46b9-a2bf-63da34ad8a4f,482072.0,720280221,2430793,22926004,A,G,0.21,877993837000,831755590.0,1760527313000,383178,,418767137,1676176908000,1505.8515625,168.26871022454077
4976,MELBOURNE/CENTRE,-37.670639,144.853199,,,,,2014-2026,Verified high-exposure advertising corridor. Long-term SCATS traffic volume can indicate sustained roadside visibility and potential suitability for premium billboard or digital signage investigation near the closest cadastral parcels.,1349272,782409353,424642456,333,NCPR,O,Y,A,1005.0,1471262715000.0,517183313.0,1689079802000,401358,781739180,423819108,424642510,423819208,P,G,1459872449000.0,517184118.0,1688926596000,45274.8359375,2571.988258198014,100377,877283579,212222762,21\TP801448,100,15,N,N,333,TP801448,21,,,,,,,,,,,,N,303781,A,,,1004.0,849769111,212222758,212222754,A,G,16.06,1228221121000,782409249.0,1765448257000,1005,1228221121000.0,785328646,1717445624000,2308284.8125,8400.856265083028
999,CANTERBURY NR GREEN HILL,-37.830471,145.263797,,,,,2014-2026,Verified high-exposure advertising corridor. Long-term SCATS traffic volume can indicate sustained roadside visibility and potential suitability for premium billboard or digital signage investigation near the closest cadastral parcels.,874802,256319903,879047,342,208772,O,N,A,,,,1053025061000,391643,741682767,1190669,,11122151,P,G,,414692649.0,1681021093000,1791.6875,179.66704531171672,515760,883726098,95409,RES1\LP53352,101,15,N,N,342,LP53352,RES1,,,,,,,,,,,,N,,A,-277257600000.0,,499579.0,741624046,1191065,11123416,A,G,0.17,880362682000,293904888.0,1776861887000,391643,,417584899,1681020920000,6586.4375,354.90634748937225
3361,BANKSIA/DORA,-37.760037,145.071534,,,,,2014-2026,Verified high-exposure advertising corridor. Long-term SCATS traffic volume can indicate sustained roadside visibility and potential suitability for premium billboard or digital signage investigation near the closest cadastral parcels.,2567747,296930945,52609631,303,266221,O,Y,A,,,,1250508329000,1005,852906813,4244644,218748773,209082528,P,G,,706162935.0,1719408664000,1287241.4765625,10724.449798002353,2697329,706442327,2023133,1\TP129630,101,15,N,N,303,TP129630,1,,,,,,,,,,,,N,38430,A,,5348df4c-faf3-43d1-8343-603d4350dc2d,376767.0,706100921,1233809,11505445,A,G,1.07,881867533000,109366806.0,1670402809000,376767,,416240581,1670364744000,14478.3515625,522.2249131542309
2328,NEPEAN/CENTRE DANDENONG,-37.965665,145.057795,,,,,2014-2026,Verified high-exposure advertising corridor. Long-term SCATS traffic volume can indicate sustained roadside visibility and potential suitability for premium billboard or digital signage investigation near the closest cadastral parcels.,400221,670748443,428012558,335,533346,O,N,A,346521.0,1524794197000.0,559000717.0,1642506647000,430692,879002223,428012576,428012577,428012588,P,G,1524794236000.0,720359227.0,1769310465000,6462.625,356.27994940845264,1656026,831772130,428012230,228\PS722823,101,15,Y,N,335,PS722823,228,N,,,,,,,,,,,N,164130,A,1535500800000.0,7cd199bf-7433-11ed-b813-3d979e7feb04,423635.0,879002218,428012575,428012587,A,G,0.21,1524794192000,830270666.0,1708599485000,430692,1524794234000.0,720281294,1769310464000,6462.625,356.27994940845264
2880,WESTGATE FWY/WILLIAMSTOWN,-37.825989,144.88096,,,,,2014-2026,Verified high-exposure advertising corridor. Long-term SCATS traffic volume can indicate sustained roadside visibility and potential suitability for premium billboard or digital signage investigation near the closest cadastral parcels.,1285490,793316702,220885988,331,3133001400,O,N,A,1004.0,1359447885000.0,497722528.0,1692954208000,485457,876051226,1572313,,213772358,P,G,,872400632.0,1763045113000,2260.234375,376.446881005888,3899493,605174502,433531110,2273\PP2478,101,14,N,N,331,,,N,2273,,,,,C,2478,9999,,,N,,A,,,311999.0,876051206,433531129,433531141,A,G,6.19,1613950639000,604945263.0,1614163933000,485457,1613950667000.0,804611560,1763045111000,9456.3671875,688.6348558117447
2324,NEPEAN/WICKHAM,-37.945195,145.043238,,,,,2014-2026,Verified high-exposure advertising corridor. Long-term SCATS traffic volume can indicate sustained roadside visibility and potential suitability for premium billboard or digital signage investigation near the closest cadastral parcels.,3625128,704240423,452749452,335,,G,N,A,378565.0,1644884037000.0,672187669.0,1670315411000,383178,720348690,452749487,,452749490,B,G,1644884076000.0,704240457.0,1676177090000,2693.546875,208.9179927469783,3738661,831802131,452749442,G01\PS839726,101,15,Y,N,335,PS839726,G01,N,,,,,,,,,,,N,175870,A,,,423635.0,842765984,452749485,452749488,A,G,0.2,1644884036000,830282667.0,1708599527000,1005,1644884074000.0,720271024,1713984582000,2693.546875,208.9179927469783
2325,NEPEAN/HIGHETT/ROWANS,-37.949484,145.04626,,,,,2014-2026,Verified high-exposure advertising corridor. Long-term SCATS traffic volume can indicate sustained roadside visibility and potential suitability for premium billboard or digital signage investigation near the closest cadastral parcels.,2443370,567132425,427919353,335,527967,O,N,A,227671.0,1523412120000.0,552037852.0,1548172853000,383178,720350516,427919433,427919440,427919448,P,G,1523412159000.0,567132436.0,1676177093000,228.90625,60.98249288200347,3963143,831738477,209539800,2\SP26806,101,15,Y,N,335,SP26806,2,,,,,,,,,,,,N,99024,A,555724800000.0,5c8ea21e-7433-11ed-b3ad-593f13096cf6,423635.0,720273125,2430689,22924478,A,G,0.1,1183457571000,720760164.0,1708599436000,383178,,418766603,1676176899000,2596.0078125,212.28399643272627
2868,TULLAMARINE/MICKLEHAM,-37.690816,144.881945,,,,,2014-2026,Verified high-exposure advertising corridor. Long-term SCATS traffic volume can indicate sustained roadside visibility and potential suitability for premium billboard or digital signage investigation near the closest cadastral parcels.,2259797,260166315,52429298,333,508709,O,Y,A,,,,1074601332000,401358,781755170,2614207,219014061,203682251,P,G,,415632646.0,1688926615000,36637.734375,956.5764901238176,2334758,858909485,52429304,CP157550,101,15,N,N,333,CP157550,,,,,,,,,,,,,N,507488,A,457747200000.0,fdc6208b-5e27-11ed-a838-3dbbc480d7a1,450295.0,781639104,2614207,203682251,A,G,1.6,891964860000,782338934.0,1730967994000,401358,,418581661,1688926357000,36637.734375,956.5764901238176
2614,WESTERN HWY/STATION,-37.770309,144.77471,,,,,2014-2026,Verified high-exposure advertising corridor. Long-term SCATS traffic volume can indicate sustained roadside visibility and potential suitability for premium billboard or digital signage investigation near the closest cadastral parcels.,3819642,297319544,213618289,308,751628,O,Y,A,,1252926326000.0,,1252926326000,353320,696630491,151954150,218956781,151954149,P,G,1062707593000.0,413607563.0,1667777435000,704.015625,122.67958996925454,2331545,697133865,151954180,1\TP441852,101,15,N,N,308,TP441852,1,,,,,,,,,,,,N,87951,A,,805ac228-7ccc-4090-8e69-569dd58e268d,353320.0,696544393,151954179,151954178,A,G,0.31,1062707593000,316398282.0,1667889480000,353320,1062707593000.0,416455538,1667777147000,368.71875,91.74115680622177
431,SPRINGVALE/MAGID,-37.906398,145.160899,,,,,2014-2026,Verified high-exposure advertising corridor. Long-term SCATS traffic volume can indicate sustained roadside visibility and potential suitability for premium billboard or digital signage investigation near the closest cadastral parcels.,3361729,294080382,207992968,348,210074,O,Y,A,,1155730913000.0,,1232027913000,395111,755724023,151390682,219040249,206491893,P,G,1055760120000.0,414849775.0,1684047038000,93469.859375,1265.5880720023656,1303246,551595973,2002647,RES2\LP119315,100,15,N,N,348,LP119315,RES2,,,,,,,,,,,MUNICIPAL RESERVE,N,218785,A,226195200000.0,,192804.0,755638708,2621582,24250410,A,G,0.19,878184602000,297895424.0,1526458048000,395111,,417750581,1684046831000,561.671875,166.60941342763985
202,STUD NR OSWALD,-37.975957,145.222548,,,,,2014-2026,Verified high-exposure advertising corridor. Long-term SCATS traffic volume can indicate sustained roadside visibility and potential suitability for premium billboard or digital signage investigation near the closest cadastral parcels.,3844972,547949808,212038884,326,NCPR,O,N,A,185121.0,1226320336000.0,292608705.0,1520262674000,396664,760763388,206152807,207315677,206152806,P,G,1139479116000.0,595139859.0,1685252940000,85903.703125,6445.500731853823,2536783,761113692,212038882,413\SP25116,101,15,Y,N,326,SP25116,413,,,,,,,,,,,,N,,A,563760000000.0,ea8d1a2c-b0a8-11ed-a64c-b51c67a9712e,396664.0,760689524,206152804,206152803,A,G,1.61,1226320335000,314380216.0,1685351814000,396664,1139479116000.0,595139849,1685252745000,85903.703125,6445.500731853823
3701,WARRIGAL NR DELIA,-37.919504,145.083321,,,,,2014-2026,Verified high-exposure advertising corridor. Long-term SCATS traffic volume can indicate sustained roadside visibility and potential suitability for premium billboard or digital signage investigation near the closest cadastral parcels.,3242295,283163080,208980059,322,46956,O,N,A,,1173773983000.0,,1173777498000,391115,739121776,208980058,208980198,208980057,P,G,1173773983000.0,413973296.0,1680416463000,234.3359375,81.13493024857299,3258527,839319622,452628884,CM1\PS907911,102,15,N,N,348,PS907911,CM1,N,,,,,,,,,,,N,,A,,,427134.0,839319613,452628955,452628968,A,G,19.69,1642714487000,671009014.0,1711972495000,427134,1642714528000.0,838217470,1711972494000,237.8515625,94.38120739204406
3016,JACKA/THE ESPLANADE/FITZROY,-37.862771,144.972334,,,,,2014-2026,Verified high-exposure advertising corridor. Long-term SCATS traffic volume can indicate sustained roadside visibility and potential suitability for premium billboard or digital signage investigation near the closest cadastral parcels.,2191685,303919900,215547282,358,164919,O,N,A,,1281959438000.0,,1290180800000,414169,820782591,4436788,206441554,37573645,P,G,,743053942.0,1704834099000,4393.1953125,310.5269168165378,2271691,743190192,215547278,37\RP2244,200,15,Y,N,358,RP2244,37,Y,,,,,,,,,,,N,,A,27302400000.0,2d950372-9071-11ed-a8c6-9f06312ec5f4,392259.0,820782577,4436788,37573645,A,G,1.73,1281959437000,312045665.0,1681722853000,414169,,743027870,1704834097000,4393.1953125,310.5269168165378
3198,CENTRE/CLAYTON,-37.928527,145.119061,,,,,2014-2026,Verified high-exposure advertising corridor. Long-term SCATS traffic volume can indicate sustained roadside visibility and potential suitability for premium billboard or digital signage investigation near the closest cadastral parcels.,1047606,103600434,454462,348,222909,O,N,A,,,,987716599000,395111,755752370,2446043,,23052077,P,G,,414875309.0,1684047072000,324.0703125,113.26747756607259,2340118,866067238,454455,2\LP44012,100,15,N,N,348,LP44012,2,,,,,,,,,,,,N,222905,A,-350092800000.0,,465090.0,755662543,2446036,23052054,A,G,0.31,878011854000,297895477.0,1745855593000,395111,,417771849,1684046858000,324.078125,113.26773228148244
2408,PHE/UNION,-37.853554,144.979322,,,,,2014-2026,Verified high-exposure advertising corridor. Long-term SCATS traffic volume can indicate sustained roadside visibility and potential suitability for premium billboard or digital signage investigation near the closest cadastral parcels.,1880274,507192210,202809030,358,182581,O,N,A,91353.0,1107177606000.0,507191888.0,1453973850000,392259,743050596,2531093,219066371,23682382,P,G,,415155816.0,1681619340000,1043.15625,128.6558945827078,496049,743191308,216295555,75\SP25989,200,15,Y,N,358,SP25989,75,,,,,,,,,,,,N,30198,A,551664000000.0,1c0b43e1-9071-11ed-9456-fb9fef89d15a,392259.0,743025148,2531092,23682351,A,G,0.18,1295424881000,311559421.0,1681722857000,392259,,418071733,1681619217000,4040.3046875,277.82320694658495
4734,QUEENS/LINK,-37.849493,144.977943,,,,,2014-2026,Verified high-exposure advertising corridor. Long-term SCATS traffic volume can indicate sustained roadside visibility and potential suitability for premium billboard or digital signage investigation near the closest cadastral parcels.,1982300,299446384,213172872,358,180756,O,N,A,,1245240297000.0,,1261150946000,414169,829426438,2770006,219067176,203683268,P,G,,743049287.0,1707255295000,11283.203125,426.72510755390067,2055768,743187377,213172867,75\SP22385,101,15,Y,N,358,SP22385,75,,,,,,,,,,,,N,98511,A,506304000000.0,1819535d-9071-11ed-9d56-179319ad6260,392259.0,829426433,2770006,203683268,A,G,8.66,1245240296000,317042472.0,1681722841000,414169,,743024001,1707255292000,11283.203125,426.72510755390067
2419,PHE/BURKE/SIR JOHN MONASH,-37.878155,145.047347,,,,,2014-2026,Verified high-exposure advertising corridor. Long-term SCATS traffic volume can indicate sustained roadside visibility and potential suitability for premium billboard or digital signage investigation near the closest cadastral parcels.,1095178,297459795,213672445,322,73568,O,Y,A,,1253883784000.0,,1253883784000,391115,739081326,4249250,218973853,216674854,P,G,,415767631.0,1680416405000,42939.5,1327.1995778661467,3178446,722528373,59914,1\PS332238,101,15,N,N,363,PS332238,1,,,,,,,,,,,,N,558,A,763084800000.0,b3ff89d2-75b5-11ed-b5a6-3d31c50076ce,386222.0,722284673,2727267,24915603,A,G,0.68,878515899000,543677931.0,1676881076000,386222,,418142145,1676781548000,348.4765625,94.85803526043264
3151,SPRINGVALE/KEYLANA,-38.003114,145.142277,,,,,2014-2026,Verified high-exposure advertising corridor. Long-term SCATS traffic volume can indicate sustained roadside visibility and potential suitability for premium billboard or digital signage investigation near the closest cadastral parcels.,1156745,834217756,456589829,335,453010,O,Y,A,424905.0,1709800657000.0,,1709800657000,383178,720384080,421899093,422807569,421899097,P,G,1428629251000.0,505280973.0,1676177135000,33276.421875,771.147949630689,1512844,290378345,208826412,1\PS608072,101,15,N,N,326,PS608072,1,,,,,,,,,,,,N,469895,A,1205280000000.0,,,760714237,208826411,208826410,A,G,0.1,1171359319000,,1215705241000,396664,1171359319000.0,416992296,1685252774000,1002.5703125,135.90479414560136
