month_label,month_start,next_month_start,year,month_total_volume,days_loaded,avg_daily_volume,month_elapsed_seconds,completed_at_epoch,row_type
2014-01,2014-01-01,2014-02-01,2014,3135106330,31,101132462.25806452,669.027,1778451713.796,yearly_month_total
2014-02,2014-02-01,2014-03-01,2014,3163908323,28,112996725.82142857,682.051,1778452475.65,yearly_month_total
2014-03,2014-03-01,2014-04-01,2014,3465584673,31,111793053.96774194,722.167,1778453271.055,yearly_month_total
2014-04,2014-04-01,2014-05-01,2014,3185110879,30,106170362.63333334,727.346,1778454072.189,yearly_month_total
2014-05,2014-05-01,2014-06-01,2014,3493864171,31,112705295.83870968,707.716,1778454853.111,yearly_month_total
2014-06,2014-06-01,2014-07-01,2014,3205298805,30,106843293.5,720.451,1778455648.853,yearly_month_total
2014-07,2014-07-01,2014-08-01,2014,3380496755,31,109048282.41935484,691.65,1778456412.045,yearly_month_total
2014-08,2014-08-01,2014-09-01,2014,3438065829,31,110905349.32258065,714.244,1778457201.805,yearly_month_total
2014-09,2014-09-01,2014-10-01,2014,3341624965,30,111387498.83333333,692.165,1778457973.567,yearly_month_total
2014-10,2014-10-01,2014-11-01,2014,3560279625,31,114847729.83870968,676.542,1778458722.586,yearly_month_total
2014-11,2014-11-01,2014-12-01,2014,3408259338,30,113608644.6,677.219,1778459473.57,yearly_month_total
2014-12,2014-12-01,2015-01-01,2014,3452827742,31,111381540.06451613,669.39,1778460216.028,yearly_month_total
2015-01,2015-01-01,2015-02-01,2015,3176402739,31,102464604.48387097,677.205,1778460965.262,yearly_month_total
2015-02,2015-02-01,2015-03-01,2015,3232040831,28,115430029.67857143,645.519,1778461683.07,yearly_month_total
2015-03,2015-03-01,2015-04-01,2015,3436425583,30,114547519.43333334,717.117,1778462473.423,yearly_month_total
2015-04,2015-04-01,2015-05-01,2015,3316264247,30,110542141.56666666,724.698,1778463280.79,yearly_month_total
2015-05,2015-05-01,2015-06-01,2015,3523217182,31,113652167.16129032,720.54,1778464077.219,yearly_month_total
2015-06,2015-06-01,2015-07-01,2015,3314160485,30,110472016.16666667,684.962,1778464838.479,yearly_month_total
2015-07,2015-07-01,2015-08-01,2015,3457636675,31,111536666.93548387,667.476,1778465578.929,yearly_month_total
2015-08,2015-08-01,2015-09-01,2015,3497577936,31,112825094.70967741,685.84,1778466336.38,yearly_month_total
2015-09,2015-09-01,2015-10-01,2015,3428209933,30,114273664.43333334,740.189,1778467155.101,yearly_month_total
2015-10,2015-10-01,2015-11-01,2015,3599947921,31,116127352.29032259,666.672,1778467893.969,yearly_month_total
2015-11,2015-11-01,2015-12-01,2015,3439546450,30,114651548.33333333,667.555,1778468633.675,yearly_month_total
2015-12,2015-12-01,2016-01-01,2015,3520512452,31,113564917.80645162,741.624,1778469447.292,yearly_month_total
2016-01,2016-01-01,2016-02-01,2016,3229608651,31,104180924.22580644,719.674,1778470239.654,yearly_month_total
2016-02,2016-02-01,2016-03-01,2016,3453808302,29,119096838.0,643.84,1778470955.497,yearly_month_total
2016-03,2016-03-01,2016-04-01,2016,3553086995,31,114615709.51612903,664.446,1778471695.024,yearly_month_total
2016-04,2016-04-01,2016-05-01,2016,3496621416,30,116554047.2,660.992,1778472437.342,yearly_month_total
2016-05,2016-05-01,2016-06-01,2016,3639479964,31,117402579.48387097,747.875,1778473258.106,yearly_month_total
2016-06,2016-06-01,2016-07-01,2016,3436802887,30,114560096.23333333,676.733,1778474008.347,yearly_month_total
2016-07,2016-07-01,2016-08-01,2016,3582237904,31,115556061.41935484,660.724,1778474743.771,yearly_month_total
2016-08,2016-08-01,2016-09-01,2016,3686630618,31,118923568.32258065,748.141,1778475563.703,yearly_month_total
2016-09,2016-09-01,2016-10-01,2016,3514136708,30,117137890.26666667,694.693,1778476334.771,yearly_month_total
2016-10,2016-10-01,2016-11-01,2016,3681720111,31,118765164.87096775,741.801,1778477152.363,yearly_month_total
2016-11,2016-11-01,2016-12-01,2016,3682971216,30,122765707.2,718.638,1778477953.984,yearly_month_total
2016-12,2016-12-01,2017-01-01,2016,3648283824,31,117686574.96774194,686.907,1778478716.214,yearly_month_total
2017-01,2017-01-01,2017-02-01,2017,3376836301,31,108930203.25806452,704.789,1778479495.862,yearly_month_total
2017-02,2017-02-01,2017-03-01,2017,3431302811,28,122546528.96428572,775.2,1778480344.429,yearly_month_total
2017-03,2017-03-01,2017-04-01,2017,3821955946,31,123288901.48387097,713.58,1778481133.501,yearly_month_total
2017-04,2017-04-01,2017-05-01,2017,3408210727,30,113607024.23333333,688.18,1778481894.847,yearly_month_total
2017-05,2017-05-01,2017-06-01,2017,3756242112,31,121169100.38709678,724.002,1778482695.058,yearly_month_total
2017-06,2017-06-01,2017-07-01,2017,3540040727,30,118001357.56666666,798.617,1778483568.188,yearly_month_total
2017-07,2017-07-01,2017-08-01,2017,3473856532,30,115795217.73333333,696.156,1778484340.742,yearly_month_total
2017-08,2017-08-01,2017-09-01,2017,3731810338,31,120380978.64516129,733.595,1778485157.949,yearly_month_total
2017-09,2017-09-01,2017-10-01,2017,3543109329,30,118103644.3,692.122,1778485924.976,yearly_month_total
2017-10,2017-10-01,2017-11-01,2017,3772673180,31,121699134.83870968,687.89,1778486688.049,yearly_month_total
2017-11,2017-11-01,2017-12-01,2017,3725865164,30,124195505.46666667,747.945,1778487509.109,yearly_month_total
2017-12,2017-12-01,2018-01-01,2017,3679149260,31,118682234.19354838,672.989,1778488256.99,yearly_month_total
2018-01,2018-01-01,2018-02-01,2018,3447376750,31,111205701.61290322,694.246,1778489024.372,yearly_month_total
2018-02,2018-02-01,2018-03-01,2018,3519395584,28,125692699.42857143,685.425,1778489784.286,yearly_month_total
2018-03,2018-03-01,2018-04-01,2018,3796169426,31,122457078.25806452,680.735,1778490548.863,yearly_month_total
2018-04,2018-04-01,2018-05-01,2018,3543308072,30,118110269.06666666,666.863,1778491289.338,yearly_month_total
2018-05,2018-05-01,2018-06-01,2018,3786980758,31,122160669.61290322,698.961,1778492063.026,yearly_month_total
2018-06,2018-06-01,2018-07-01,2018,3544747568,30,118158252.26666667,668.461,1778492806.169,yearly_month_total
2018-07,2018-07-01,2018-08-01,2018,3647632727,31,117665571.83870968,920.049,1778493799.542,yearly_month_total
2018-08,2018-08-01,2018-09-01,2018,3796160085,31,122456776.93548387,700.003,1778494576.346,yearly_month_total
2018-09,2018-09-01,2018-10-01,2018,3542539283,30,118084642.76666667,718.921,1778495374.641,yearly_month_total
2018-10,2018-10-01,2018-11-01,2018,3843850831,31,123995188.09677419,688.458,1778496139.309,yearly_month_total
2018-11,2018-11-01,2018-12-01,2018,3745217547,30,124840584.9,682.613,1778496896.16,yearly_month_total
2018-12,2018-12-01,2019-01-01,2018,,,,0.312,1778496977.915,zero_row_month
2019-01,2019-01-01,2019-02-01,2019,3481934922,31,112320481.35483871,722.274,1778497798.684,yearly_month_total
2019-02,2019-02-01,2019-03-01,2019,3537567800,28,126341707.14285715,806.817,1778498681.534,yearly_month_total
2019-03,2019-03-01,2019-04-01,2019,3867309544,31,124751920.77419356,685.794,1778499452.593,yearly_month_total
2019-04,2019-04-01,2019-05-01,2019,3562539050,30,118751301.66666667,746.929,1778500274.707,yearly_month_total
2019-05,2019-05-01,2019-06-01,2019,3896132153,31,125681682.35483871,712.921,1778501061.199,yearly_month_total
2019-06,2019-06-01,2019-07-01,2019,3606479411,30,120215980.36666666,650.854,1778501784.411,yearly_month_total
2019-07,2019-07-01,2019-08-01,2019,3827688501,31,123473822.61290322,831.744,1778502688.251,yearly_month_total
2019-08,2019-08-01,2019-09-01,2019,4038680009,31,130280000.29032259,872.811,1778503632.972,yearly_month_total
2019-09,2019-09-01,2019-10-01,2019,3794136310,30,126471210.33333333,918.969,1778504632.375,yearly_month_total
2019-10,2019-10-01,2019-11-01,2019,4124136444,31,133036659.48387097,988.341,1778505696.304,yearly_month_total
2019-11,2019-11-01,2019-12-01,2019,3971414689,30,132380489.63333334,810.764,1778506584.054,yearly_month_total
2019-12,2019-12-01,2020-01-01,2019,3766444731,30,125548157.7,797.935,1778507454.361,yearly_month_total
2020-01,2020-01-01,2020-02-01,2020,3723205203,31,120103393.64516129,895.266,1778508421.989,yearly_month_total
2020-02,2020-02-01,2020-03-01,2020,3835818599,29,132269606.86206897,885.456,1778509383.95,yearly_month_total
2020-03,2020-03-01,2020-04-01,2020,3544940848,31,114352930.58064516,821.775,1778510278.819,yearly_month_total
2020-04,2020-04-01,2020-05-01,2020,2226937680,29,76790954.48275863,961.388,1778511311.765,yearly_month_total
2020-05,2020-05-01,2020-06-01,2020,2973651861,31,95924253.58064516,919.58,1778512309.224,yearly_month_total
2020-06,2020-06-01,2020-07-01,2020,3190267210,29,110009214.13793103,899.297,1778513280.973,yearly_month_total
2020-07,2020-07-01,2020-08-01,2020,2892506105,31,93306648.5483871,885.499,1778514238.901,yearly_month_total
2020-08,2020-08-01,2020-09-01,2020,2027518150,30,67583938.33333333,884.237,1778515195.321,yearly_month_total
2020-09,2020-09-01,2020-10-01,2020,2187779825,29,75440683.62068966,787.141,1778516054.765,yearly_month_total
2020-10,2020-10-01,2020-11-01,2020,2921382593,31,94238148.16129032,887.597,1778517015.522,yearly_month_total
2020-11,2020-11-01,2020-12-01,2020,3624014539,30,120800484.63333334,883.906,1778517972.151,yearly_month_total
2020-12,2020-12-01,2021-01-01,2020,3856204558,31,124393695.41935484,805.675,1778518849.729,yearly_month_total
2021-01,2021-01-01,2021-02-01,2021,3549955669,31,114514699.0,895.624,1778519818.949,yearly_month_total
2021-02,2021-02-01,2021-03-01,2021,3351830231,28,119708222.53571428,922.499,1778520820.619,yearly_month_total
2021-03,2021-03-01,2021-04-01,2021,4019550991,31,129662935.19354838,805.855,1778521700.02,yearly_month_total
2021-04,2021-04-01,2021-05-01,2021,3756998819,30,125233293.96666667,889.855,1778522662.222,yearly_month_total
2021-05,2021-05-01,2021-06-01,2021,3792348398,31,122333819.29032259,914.045,1778523648.818,yearly_month_total
2021-06,2021-06-01,2021-07-01,2021,3261718590,30,108723953.0,785.529,1778524507.522,yearly_month_total
2021-07,2021-07-01,2021-08-01,2021,3381040033,31,109065807.51612903,3299.584,1778527879.704,yearly_month_total
2021-08,2021-08-01,2021-09-01,2021,2818955482,31,90934047.80645162,827.321,1778528797.607,yearly_month_total
2021-09,2021-09-01,2021-10-01,2021,2669449713,30,88981657.1,939.453,1778529810.164,yearly_month_total
2021-10,2021-10-01,2021-11-01,2021,3230438042,31,104207678.77419356,921.952,1778530806.123,yearly_month_total
2021-11,2021-11-01,2021-12-01,2021,3896741703,30,129891390.1,857.376,1778531741.088,yearly_month_total
2021-12,2021-12-01,2022-01-01,2021,3985684361,31,128570463.25806452,832.848,1778532647.81,yearly_month_total
2022-01,2022-01-01,2022-02-01,2022,3432673413,31,110731400.41935484,928.24,1778533655.129,yearly_month_total
2022-02,2022-02-01,2022-03-01,2022,3668870576,28,131031092.0,919.19,1778534654.104,yearly_month_total
2022-03,2022-03-01,2022-04-01,2022,4036974342,31,130224978.77419356,955.738,1778535695.772,yearly_month_total
2022-04,2022-04-01,2022-05-01,2022,3678409428,30,122613647.6,833.553,1778536602.189,yearly_month_total
2022-05,2022-05-01,2022-06-01,2022,3980255590,31,128395341.61290322,869.326,1778537552.226,yearly_month_total
2022-06,2022-06-01,2022-07-01,2022,3783769243,30,126125641.43333334,872.114,1778538500.365,yearly_month_total
2022-07,2022-07-01,2022-08-01,2022,3873079595,31,124938051.4516129,828.517,1778539404.026,yearly_month_total
2022-08,2022-08-01,2022-09-01,2022,4010574428,31,129373368.64516129,854.473,1778540334.135,yearly_month_total
2022-09,2022-09-01,2022-10-01,2022,3825024795,30,127500826.5,865.783,1778541276.332,yearly_month_total
2022-10,2022-10-01,2022-11-01,2022,4054063434,31,130776239.80645162,881.402,1778542233.861,yearly_month_total
2022-11,2022-11-01,2022-12-01,2022,4007093695,30,133569789.83333333,847.731,1778543159.372,yearly_month_total
2022-12,2022-12-01,2023-01-01,2022,3903774145,30,130125804.83333333,880.041,1778544113.578,yearly_month_total
2023-01,2023-01-01,2023-02-01,2023,3729479465,31,120305789.19354838,807.949,1778544996.782,yearly_month_total
2023-02,2023-02-01,2023-03-01,2023,3792856272,28,135459152.57142857,857.824,1778545930.085,yearly_month_total
2023-03,2023-03-01,2023-04-01,2023,4205558948,31,135663191.87096775,849.682,1778546855.457,yearly_month_total
2023-04,2023-04-01,2023-05-01,2023,3765168137,30,125505604.56666666,874.113,1778547805.551,yearly_month_total
2023-05,2023-05-01,2023-06-01,2023,4146691721,31,133764249.06451613,954.851,1778548842.601,yearly_month_total
2023-06,2023-06-01,2023-07-01,2023,3903344414,30,130111480.46666667,877.643,1778549796.445,yearly_month_total
2023-07,2023-07-01,2023-08-01,2023,3896326692,30,129877556.4,835.229,1778550706.271,yearly_month_total
2023-08,2023-08-01,2023-09-01,2023,4145936552,31,133739888.77419356,872.61,1778551653.368,yearly_month_total
2023-09,2023-09-01,2023-10-01,2023,3940445529,30,131348184.3,865.474,1778552595.055,yearly_month_total
2023-10,2023-10-01,2023-11-01,2023,4194260387,31,135298722.16129032,897.5,1778553569.148,yearly_month_total
2023-11,2023-11-01,2023-12-01,2023,4121872208,30,137395740.26666668,832.485,1778554479.329,yearly_month_total
2023-12,2023-12-01,2024-01-01,2023,4032779267,31,130089653.77419356,877.367,1778555432.143,yearly_month_total
2024-01,2024-01-01,2024-02-01,2024,3804896566,31,122738598.90322581,830.003,1778556336.409,yearly_month_total
2024-02,2024-02-01,2024-03-01,2024,4061556304,29,140053665.6551724,855.727,1778557266.416,yearly_month_total
2024-03,2024-03-01,2024-04-01,2024,4206790326,31,135702913.7419355,871.866,1778558215.891,yearly_month_total
2024-04,2024-04-01,2024-05-01,2024,3982212468,30,132740415.6,847.375,1778559144.224,yearly_month_total
2024-05,2024-05-01,2024-06-01,2024,4296752485,31,138604918.87096775,847.731,1778560070.406,yearly_month_total
2024-06,2024-06-01,2024-07-01,2024,3972755318,30,132425177.26666667,818.012,1778560969.688,yearly_month_total
2024-07,2024-07-01,2024-08-01,2024,4141492150,31,133596520.96774194,836.007,1778561882.345,yearly_month_total
2024-08,2024-08-01,2024-09-01,2024,4285525933,31,138242772.03225806,869.993,1778562826.707,yearly_month_total
2024-09,2024-09-01,2024-10-01,2024,3878586898,29,133744375.79310344,853.126,1778563756.199,yearly_month_total
2024-10,2024-10-01,2024-11-01,2024,4395226918,31,141781513.48387095,875.639,1778564708.612,yearly_month_total
2024-11,2024-11-01,2024-12-01,2024,4247618310,30,141587277.0,871.352,1778565655.81,yearly_month_total
2024-12,2024-12-01,2025-01-01,2024,4204504222,31,135629168.4516129,704.532,1778566447.932,yearly_month_total
2025-01,2025-01-01,2025-02-01,2025,3948992470,31,127386853.87096775,905.09,1778567453.808,yearly_month_total
2025-02,2025-02-01,2025-03-01,2025,3847820366,27,142511865.4074074,792.919,1778568322.685,yearly_month_total
2025-03,2025-03-01,2025-04-01,2025,4384498446,31,141435433.7419355,882.253,1778569285.215,yearly_month_total
2025-04,2025-04-01,2025-05-01,2025,4042970331,30,134765677.7,869.57,1778570230.881,yearly_month_total
2025-05,2025-05-01,2025-06-01,2025,4304234239,31,138846265.77419356,836.864,1778571142.695,yearly_month_total
2025-06,2025-06-01,2025-07-01,2025,4105237117,30,136841237.23333332,833.079,1778572050.697,yearly_month_total
2025-07,2025-07-01,2025-08-01,2025,4285801250,31,138251653.22580644,867.079,1778572994.571,yearly_month_total
2025-08,2025-08-01,2025-09-01,2025,4387186136,31,141522133.41935483,804.464,1778573878.646,yearly_month_total
2025-09,2025-09-01,2025-10-01,2025,4188281575,30,139609385.83333334,812.99,1778574766.114,yearly_month_total
2025-10,2025-10-01,2025-11-01,2025,4513402918,31,145593642.51612905,850.356,1778575711.915,yearly_month_total
2025-11,2025-11-01,2025-12-01,2025,4306927842,30,143564261.4,827.051,1778576613.81,yearly_month_total
2025-12,2025-12-01,2026-01-01,2025,4207171812,30,140239060.4,866.267,1778577563.072,yearly_month_total
2026-01,2026-01-01,2026-02-01,2026,4063057374,31,131066366.90322581,919.814,1778578561.402,yearly_month_total
2026-02,2026-02-01,2026-03-01,2026,4127306156,28,147403791.2857143,837.639,1778579482.807,yearly_month_total
2026-03,2026-03-01,2026-04-01,2026,4414536971,31,142404418.41935483,866.825,1778580426.462,yearly_month_total
2026-04,2026-04-01,2026-05-01,2026,840492772,7,120070396.0,552.428,1778581054.377,yearly_month_total
