rank,site_id,total_volume,months_present_x,first_month,last_month,avg_monthly_volume,max_monthly_volume,best_month,best_month_volume,percent_of_network,cumulative_volume,cumulative_percent,percentile_band,months_present_y,monthly_total,monthly_mean,monthly_median,monthly_std,monthly_max,monthly_min,monthly_cv,max_to_mean_ratio,first12_avg,last12_avg,growth_abs,growth_pct,friendly_name,site_name,latitude,longitude,traffic_band,percentile_rank,volume_ratio,google_maps_url,scale_score,stability_score,volatility_score,growth_score,spike_score,traffic_archetype,archetype_colour,ooh_exposure_score,traffic_transformation_index,strategic_importance_score
114,3088,339541628,147,2014-01,2026-04,2309806.99,2666105,2024-10,2666105,0.062992,46733474669,8.67007,Top 5%,147,339541628.0,2309806.993197279,2374510.0,253982.8089415553,2666105.0,521981.0,0.10995845526902118,1.154254449766613,2111442.6666666665,2280861.6666666665,169419.0,8.023850359501434,POINT COOK near JAMIESON,POINT COOK NR JAMIESON,-37.896072,144.754306,red,97.57145927358694,0.503398,"https://www.google.com/maps/search/?api=1&query=-37.896072,144.754306",97.62505254308533,97.67841788478074,2.3215821152192606,65.14693171996542,7.865892972275951,Metropolitan Backbone,#7b1fa2,91.1427697138852,41.061527710774826,76.84458088262052
24,3052,468472268,147,2014-01,2026-04,3186886.18,3799977,2025-03,3799977,0.086912,12419162347,2.304023,Top 1%,147,468472268.0,3186886.1768707484,3200631.0,382769.1912757249,3799977.0,737092.0,0.12010758151757141,1.1923792658736418,3130314.75,3317606.25,187291.5,5.983152333163941,Bell / Melville / Turner,BELL/MELVILLE/TURNER,-37.739195,144.945711,red,99.5056952503761,0.694549,"https://www.google.com/maps/search/?api=1&query=-37.739195,144.945711",99.51660361496427,92.75580395528806,7.244196044711952,62.05704407951599,23.70513647109392,Metropolitan Backbone,#7b1fa2,90.33449179295556,44.611673033160926,76.83167064040153
31,2985,431212288,147,2014-01,2026-04,2933416.93,4442330,2026-03,4442330,0.079999,15546127344,2.884143,Top 1%,147,431212288.0,2933416.925170068,2985778.0,356417.5299854934,4442330.0,644012.0,0.12150251364791238,1.5143875259881276,2999750.8333333335,3202956.0833333335,203205.25,6.7740709575600855,Princes Highway East near CLOSEBURN,PHE NR CLOSEBURN,-37.859189,145.003684,red,99.3552546744036,0.639308,"https://www.google.com/maps/search/?api=1&query=-37.859189,145.003684",99.36948297604036,91.80997420464317,8.190025795356835,63.310285220397574,79.66903073286052,Metropolitan Backbone,#7b1fa2,90.26776623206251,53.683845799631314,76.96882309352983
347,1120,255132963,147,2014-01,2026-04,1735598.39,2115956,2025-10,2115956,0.047333,114145380255,21.176437,Top 10%,147,255132963.0,1735598.387755102,1764848.0,200099.64221964715,2115956.0,346249.0,0.11529144278502394,1.2191507061359217,1530551.75,1784394.3333333333,253842.58333333326,16.585037607080796,Dandenong Southern Bypass / Hammond,DANDENONG SOUTHERN BYPASS/HAMMOND,-38.003163,145.207925,orange,92.5639372447883,0.378256,"https://www.google.com/maps/search/?api=1&query=-38.003163,145.207925",92.72803699033207,95.5932932072227,4.4067067927773,73.57389801210026,34.515366430260045,Metropolitan Backbone,#7b1fa2,89.61352324890838,47.33742914370755,76.22206090843062
241,2194,281421926,147,2014-01,2026-04,1914434.87,2214754,2025-03,2214754,0.05221,85677302009,15.894993,Top 10%,147,281421926.0,1914434.8707482994,1952005.0,220332.98369082107,2214754.0,377621.0,0.1150903522796255,1.156870904223717,1780931.75,1942905.0833333333,161973.33333333326,9.094864715244325,Somerton / Pascoe Vale / David Munroe,SOMERTON/PASCOE VALE/DAVID MUNROE,-37.640549,144.928781,orange,94.84203739522889,0.417231,"https://www.google.com/maps/search/?api=1&query=-37.640549,144.928781",94.95586380832283,95.6792777300086,4.320722269991402,66.52981849611062,9.047926069202665,Metropolitan Backbone,#7b1fa2,89.45150822630183,41.819560015375146,75.82006629946784
181,2617,299558196,147,2014-01,2026-04,2037810.86,2481908,2023-05,2481908,0.055575,68214895451,12.655338,Top 5%,147,299558196.0,2037810.857142857,2061833.0,243059.86490867773,2481908.0,469181.0,0.11927498769412949,1.2179285390008159,1958776.9166666667,2125472.75,166695.83333333326,8.510200008738442,WESTERN Highway near MARCELLIN,WESTERN HWY NR MARCELLIN,-37.768706,144.768477,red,96.13152804642166,0.44412,"https://www.google.com/maps/search/?api=1&query=-37.768706,144.768477",96.21689785624213,93.50816852966466,6.491831470335339,65.77355229040623,33.89211261551687,Metropolitan Backbone,#7b1fa2,89.45104641143058,46.331403165315194,76.12772291987343
105,3701,342510963,147,2014-01,2026-04,2330006.55,2594807,2025-03,2594807,0.063543,43665670649,8.100926,Top 5%,147,342510963.0,2330006.551020408,2370700.0,235217.94892380183,2594807.0,522692.0,0.10095162557409548,1.1136479418324488,2285114.75,2312287.6666666665,27172.91666666651,1.1891270084649583,WARRIGAL near DELIA,WARRIGAL NR DELIA,-37.919504,145.083321,red,97.76488287126584,0.507801,"https://www.google.com/maps/search/?api=1&query=-37.919504,145.083321",97.81420765027322,99.44110060189166,0.5588993981083406,53.78133102852204,0.4728132387706856,Metropolitan Backbone,#7b1fa2,89.4143555638276,35.963777613764776,74.74471467842194
115,2627,338248403,147,2014-01,2026-04,2301009.54,2825825,2025-10,2825825,0.062752,47071723072,8.732823,Top 5%,147,338248403.0,2301009.544217687,2377428.0,313154.9942602765,2825825.0,531040.0,0.13609460901508127,1.2280805210483137,1909842.5,2503961.3333333335,594118.8333333335,31.108263290472042,WESTERN Highway / WRR,WESTERN HWY/WRR,-37.770445,144.794128,red,97.54996776273371,0.501481,"https://www.google.com/maps/search/?api=1&query=-37.770445,144.794128",97.60403530895334,77.02063628546861,22.979363714531384,81.6551426101988,37.309262841177734,Metropolitan Backbone,#7b1fa2,89.26840701333126,57.65651657111295,79.10387622534219
153,2017,317561062,147,2014-01,2026-04,2160279.33,2489205,2024-10,2489205,0.058914,59533887419,11.044824,Top 5%,147,317561062.0,2160279.3333333335,2193487.0,241745.11351626285,2489205.0,470156.0,0.11190456242677081,1.1522607107290754,2140192.25,2216479.4166666665,76287.16666666651,3.564500650194697,Streetud / Bergins,STUD/BERGINS,-37.929575,145.23276,red,96.73329035031163,0.47081,"https://www.google.com/maps/search/?api=1&query=-37.929575,145.23276",96.80538041193779,97.01203783319002,2.9879621668099743,58.29732065687122,7.092198581560284,Metropolitan Backbone,#7b1fa2,89.15543281623755,38.95988882506646,75.07248720840575
359,2167,252398567,147,2014-01,2026-04,1716997.05,2035176,2025-10,2035176,0.046825,117193318091,21.741895,Top 10%,147,252398567.0,1716997.0544217688,1745339.0,199532.44687950626,2035176.0,377340.0,0.11621012765610281,1.1853112937840093,1556285.1666666667,1779011.9166666667,222726.75,14.311435639847925,Sydney Road / Bolinda,SYDNEY RD/BOLINDA,-37.683969,144.957512,orange,92.30603911454976,0.374202,"https://www.google.com/maps/search/?api=1&query=-37.683969,144.957512",92.4758301807482,95.18486672398969,4.815133276010318,72.0181503889369,20.717816462497314,Metropolitan Backbone,#7b1fa2,89.06155335819632,44.893580268808925,75.77699699532356
15,3060,492433092,147,2014-01,2026-04,3349884.98,3842180,2025-10,3842180,0.091357,8071951542,1.497522,Top 1%,147,492433092.0,3349884.9795918367,3420979.0,350899.3069398925,3842180.0,761640.0,0.10474965829502823,1.1469587831842951,3460477.3333333335,3413846.0833333335,-46631.25,-1.3475380853046093,Bell / High,BELL/HIGH,-37.745172,145.002817,red,99.699118848055,0.730073,"https://www.google.com/maps/search/?api=1&query=-37.745172,145.002817",99.70575872215215,98.92519346517626,1.0748065348237317,47.10458081244598,5.415860735009671,Metropolitan Backbone,#7b1fa2,88.99038182596695,35.26108738560398,74.23476726071648
33,3059,424979480,147,2014-01,2026-04,2891016.87,3440585,2025-10,3440585,0.078843,16399671493,3.042494,Top 1%,147,424979480.0,2891016.870748299,2963954.0,334483.2478857638,3440585.0,640260.0,0.11569743894271621,1.1900950958855707,2962414.9166666665,2975061.5833333335,12646.666666666977,0.4269039625582601,Bell / Street Georges,BELL/ST GEORGES,-37.744603,144.997452,red,99.31227165269718,0.630067,"https://www.google.com/maps/search/?api=1&query=-37.744603,144.997452",99.32744850777637,95.44282029234738,4.557179707652622,52.26879861711322,22.738018482699335,Metropolitan Backbone,#7b1fa2,88.9445614757865,40.55184495677256,74.92325256653938
1,4415,674498771,147,2014-01,2026-04,4588427.01,5171583,2024-10,5171583,0.125134,674498771,0.125134,Top 1%,147,674498771.0,4588427.013605442,4727309.0,534564.9481146788,5171583.0,927843.0,0.11650287702727007,1.1270927890245186,4434601.083333333,4428438.0,-6163.083333333023,-0.13897717556819003,PRINCES near CANNING,PRINCES NR CANNING,-37.792825,144.973731,red,100.0,1.0,"https://www.google.com/maps/search/?api=1&query=-37.792825,144.973731",100.0,95.12037833190026,4.879621668099742,49.330164217804665,1.5688802922845475,Metropolitan Backbone,#7b1fa2,88.646127426536,36.74224889301899,74.62205176015595
333,569,258684448,147,2014-01,2026-04,1759758.15,2026674,2025-10,2026674,0.047992,110546852390,20.508832,Top 10%,147,258684448.0,1759758.149659864,1802773.0,202629.98049901766,2026674.0,391922.0,0.11514649358957829,1.1516775759167401,1649688.5,1807871.4166666667,158182.91666666674,9.588653655927573,STH GIPPS'D Highway / MCDOWALL / COMMERCIAL,STH GIPPS'D HWY/MCDOWALL/COMMERCIAL,-38.042643,145.252243,orange,92.8648183967333,0.383521,"https://www.google.com/maps/search/?api=1&query=-38.042643,145.252243",93.0222782681799,95.65778159931212,4.342218400687877,67.09161624891962,6.920266494734579,Metropolitan Backbone,#7b1fa2,88.4950216971109,41.289756942762814,75.06123755043049
257,5007,277809989,147,2014-01,2026-04,1889863.87,2313844,2026-01,2313844,0.05154,90156255474,16.725935,Top 10%,147,277809989.0,1889863.8707482994,1926296.0,231024.55120203047,2313844.0,425000.0,0.122244017031002,1.2243442693487885,1744634.4166666667,1928523.9166666667,183889.5,10.540288454892627,Corio-Waurn / Bacchus Marsh / Cox / Street Georges,CORIO-WAURN/BACCHUS MARSH/COX/ST GEORGES,-38.084169,144.358674,orange,94.49817322157747,0.411876,"https://www.google.com/maps/search/?api=1&query=-38.084169,144.358674",94.61958806221101,91.0146173688736,8.985382631126397,68.17199654278306,36.27767032022351,Metropolitan Backbone,#7b1fa2,88.42882708499107,47.96205104420489,75.76394480499525
300,2158,265612292,147,2014-01,2026-04,1806886.34,2083369,2022-03,2083369,0.049277,101890826789,18.902952,Top 10%,147,265612292.0,1806886.3401360544,1813591.0,183047.43414423382,2083369.0,389688.0,0.10130545019807431,1.1530160772830498,1731482.4166666667,1811705.0,80222.58333333326,4.633173433419692,Sydney / Somerset,SYDNEY/SOMERSET,-37.678627,144.956649,orange,93.57403825488932,0.393792,"https://www.google.com/maps/search/?api=1&query=-37.678627,144.956649",93.71584699453553,99.39810834049871,0.6018916595012898,60.1123595505618,7.328605200945626,Metropolitan Backbone,#7b1fa2,88.41571484223158,38.08683012504294,74.16450847467829
63,4711,381289235,147,2014-01,2026-04,2593804.32,3054727,2025-10,3054727,0.070737,28427112993,5.273844,Top 5%,147,381289235.0,2593804.319727891,2658358.0,339653.69330530084,3054727.0,534190.0,0.13094807912916615,1.1777014082236021,2430159.75,2647612.0,217452.25,8.948064011018205,Swanston / Cemetery East / College,SWANSTON/CEMETERY EAST/COLLEGE,-37.793413,144.965161,red,98.6675263271008,0.565293,"https://www.google.com/maps/search/?api=1&query=-37.793413,144.965161",98.69693148381673,82.50214961306965,17.497850386930352,66.35695764909248,17.27917472598324,Metropolitan Backbone,#7b1fa2,88.18024124918512,48.362597435814195,76.81011817818951
209,1121,292060666,147,2014-01,2026-04,1986807.25,2316081,2018-10,2316081,0.054184,76500971670,14.192585,Top 5%,147,292060666.0,1986807.2517006802,2010729.0,220836.40719762843,2316081.0,367715.0,0.11115139981928063,1.165730091843316,1882415.75,1925925.6666666667,43509.916666666744,2.311387198426636,Dandenong Southern Bypass / Dand_Franston,DANDENONG SOUTHERN BYPASS/DAND_FRANSTON,-38.00414,145.217414,red,95.52976574253172,0.433004,"https://www.google.com/maps/search/?api=1&query=-38.00414,145.217414",95.62841530054644,97.33447979363714,2.6655202063628547,55.855661192739845,12.336127229744251,Metropolitan Backbone,#7b1fa2,88.1003806022578,38.66573257461988,74.07064311347573
14,3516,494139005,147,2014-01,2026-04,3361489.83,3941371,2025-10,3941371,0.091673,7579518450,1.406165,Top 1%,147,494139005.0,3361489.829931973,3467537.0,442033.3127206431,3941371.0,768315.0,0.13149922655859667,1.172507191574565,3264208.5,3496208.0,231999.5,7.10737380899535,BULLA near HOLYROOD,BULLA NR HOLYROOD,-37.738597,144.906609,red,99.72061035890825,0.732602,"https://www.google.com/maps/search/?api=1&query=-37.738597,144.906609",99.72677595628416,81.98624247635425,18.013757523645744,63.69922212618842,14.979583064689447,Metropolitan Backbone,#7b1fa2,88.08613182028253,47.60687442209279,76.71620572938328
360,1267,252358211,147,2014-01,2026-04,1716722.52,2073533,2021-03,2073533,0.046818,117445676302,21.788713,Top 10%,147,252358211.0,1716722.5238095238,1748719.0,208234.39693242984,2073533.0,259375.0,0.12129764364618667,1.2078439999719288,1522077.5833333333,1711594.0833333333,189516.5,12.45117213965933,Frankston-Dandenong / Penlink,FRANKSTON-DANDENONG/PENLINK,-38.108626,145.162193,orange,92.28454760369654,0.374142,"https://www.google.com/maps/search/?api=1&query=-38.108626,145.162193",92.45481294661623,91.98194325021495,8.018056749785037,70.05185825410545,29.894691596819257,Metropolitan Backbone,#7b1fa2,87.85600458401376,46.797043667502535,75.21413463930915
224,2871,286506877,147,2014-01,2026-04,1949026.37,2249000,2025-10,2249000,0.053153,80841279127,14.997806,Top 5%,147,286506877.0,1949026.3741496599,2000555.0,237379.8331261297,2249000.0,433114.0,0.12179405895915393,1.1539094749198637,1878099.6666666667,1986757.25,108657.58333333326,5.7855067684551305,Mickleham / Gladstone Park / International,MICKLEHAM/GLADSTONE PARK/INTERNATIONAL,-37.688101,144.88243,red,95.2073930797335,0.42477,"https://www.google.com/maps/search/?api=1&query=-37.688101,144.88243",95.31315678856662,91.55202063628548,8.447979363714532,61.732929991356954,7.672469374597034,Metropolitan Backbone,#7b1fa2,87.6568273910544,41.690173538610054,74.81510758494065
408,3986,242093404,147,2014-01,2026-04,1646893.9,1863851,2026-03,1863851,0.044914,129290434328,23.986172,Top 10%,147,242093404.0,1646893.9047619049,1684365.0,174908.37038165506,1863851.0,372039.0,0.10620500195909217,1.1317371414216637,1543399.0833333333,1648873.3333333333,105474.25,6.83389352365064,CAMP near SMILEY,CAMP NR SMILEY,-37.686848,144.932616,orange,91.25295508274232,0.358923,"https://www.google.com/maps/search/?api=1&query=-37.686848,144.932616",91.44598570828079,98.6457437661221,1.354256233877902,63.37510803802938,2.084676552761659,Metropolitan Backbone,#7b1fa2,87.63174968869083,38.088420717836485,73.75800236463834
16,2816,491145042,147,2014-01,2026-04,3341122.73,4127796,2025-10,4127796,0.091118,8563096584,1.58864,Top 1%,147,491145042.0,3341122.7346938774,3428988.0,447975.5087826029,4127796.0,702999.0,0.1340793333123836,1.2354517710880202,3205673.4166666665,3453442.5833333335,247769.16666666698,7.729083236566971,DIAMOND CREEK RD / GREENSBOROUGH Highway / CIVIC,DIAMOND CREEK RD/GREENSBOROUGH HWY/CIVIC,-37.68909,145.11328,red,99.6776273372018,0.728163,"https://www.google.com/maps/search/?api=1&query=-37.68909,145.11328",99.68474148802018,79.42820292347378,20.571797076526224,64.58513396715644,39.43692241564582,Metropolitan Backbone,#7b1fa2,87.60068534271085,52.42815582688202,76.74657060921405
37,2173,416360476,147,2014-01,2026-04,2832384.19,4032203,2017-05,4032203,0.077244,18080233037,3.354274,Top 1%,147,416360476.0,2832384.1904761903,2833189.0,367465.4652056422,4032203.0,555594.0,0.12973715445850678,1.4236073670931244,2667948.75,2775141.0833333335,107192.33333333349,4.017780826312105,Sydney / Wrr,SYDNEY/WRR,-37.692181,144.95865,red,99.22630560928434,0.617289,"https://www.google.com/maps/search/?api=1&query=-37.692181,144.95865",99.24337957124843,83.77042132416165,16.22957867583835,59.09680207433017,73.04964539007092,Metropolitan Backbone,#7b1fa2,87.3458245100931,54.2155158816028,75.66740228813592
161,784,314650790,147,2014-01,2026-04,2140481.56,2432231,2025-10,2432231,0.058375,62062138012,11.513869,Top 5%,147,314650790.0,2140481.5646258504,2185523.0,251678.20301223273,2432231.0,451057.0,0.11758017783078889,1.136300840051919,2131607.5,2143643.75,12036.25,0.5646560166447153,Streetud / Wellington,STUD/WELLINGTON,-37.92801,145.233067,red,96.56135826348591,0.466496,"https://www.google.com/maps/search/?api=1&query=-37.92801,145.233067",96.63724253888188,94.51848667239898,5.481513327601032,52.65773552290406,2.8798624543305396,Metropolitan Backbone,#7b1fa2,87.3116521690656,37.47527819745754,73.7442305806976
184,737,298774325,147,2014-01,2026-04,2032478.4,2646263,2025-10,2646263,0.055429,69112612241,12.821884,Top 5%,147,298774325.0,2032478.4013605441,2071943.0,262304.8006300248,2646263.0,436269.0,0.1290566239003758,1.3019882515005263,1965234.5833333333,2132371.25,167136.66666666674,8.504667487744788,Moorooduc / Golf Links / Towerhill,MOOROODUC/GOLF LINKS/TOWERHILL,-38.163557,145.13659,red,96.06705351386202,0.442958,"https://www.google.com/maps/search/?api=1&query=-38.163557,145.13659",96.15384615384616,84.60877042132417,15.391229578675839,65.75194468452895,57.01697829357404,Metropolitan Backbone,#7b1fa2,87.18719692685224,52.89582973270057,75.65005822720278
454,1112,233226509,147,2014-01,2026-04,1586574.89,1878229,2021-03,1878229,0.043269,140196883601,26.009554,Top 10%,147,233226509.0,1586574.8911564625,1612054.0,186289.88456564464,1878229.0,300195.0,0.11741638267693559,1.183826247641515,1415368.8333333333,1569422.25,154053.41666666674,10.884330150456666,Dandenong Southern Bypass / Eastlink,DANDENONG SOUTHERN BYPASS/EASTLINK,-38.00147,145.192208,orange,90.26434558349452,0.345778,"https://www.google.com/maps/search/?api=1&query=-38.00147,145.192208",90.47919293820932,94.5829750644884,5.417024935511608,68.49611063094208,19.96561358263486,Metropolitan Backbone,#7b1fa2,87.10852200832565,43.53547254174878,74.14400770160702
49,2701,402877256,147,2014-01,2026-04,2740661.61,3079861,2025-03,3079861,0.074742,22991761277,4.265469,Top 5%,147,402877256.0,2740661.605442177,2798319.0,332703.03008758376,3079861.0,584538.0,0.1213951512390037,1.123765514824694,2741540.4166666665,2722574.25,-18966.16666666651,-0.6918069327508489,MELTON Highway / SUNSHINE,MELTON HWY/SUNSHINE,-37.701628,144.800222,red,98.96840747904577,0.597299,"https://www.google.com/maps/search/?api=1&query=-37.701628,144.800222",98.99117276166457,91.87446259673258,8.125537403267412,48.31460674157304,1.1820330969267139,Metropolitan Backbone,#7b1fa2,87.07668201641327,37.31385963048743,73.8026722209003
65,1144,379896684,147,2014-01,2026-04,2584331.18,2930828,2016-11,2930828,0.070479,29187360134,5.414887,Top 5%,147,379896684.0,2584331.1836734693,2643760.0,300235.2207605747,2930828.0,429772.0,0.11617521107871655,1.1340760110451504,2585782.3333333335,2522582.4166666665,-63199.91666666698,-2.4441313505764395,BORONIA near AMESBURY & ROXBURGH,BORONIA NR AMESBURY & ROXBURGH,-37.851476,145.239713,red,98.62454330539435,0.563228,"https://www.google.com/maps/search/?api=1&query=-37.851476,145.239713",98.65489701555276,95.20636285468615,4.793637145313843,44.98703543647364,2.5359982806791317,Metropolitan Backbone,#7b1fa2,87.0591911595203,35.28526277701436,73.15242888702778
281,6616,272899264,147,2014-01,2026-04,1856457.58,2187383,2021-12,2187383,0.050629,96772424181,17.953378,Top 10%,147,272899264.0,1856457.5782312925,1903606.0,219813.78525750342,2187383.0,406335.0,0.11840495998132484,1.1782563876757102,1724108.5833333333,1790533.1666666667,66424.58333333349,3.852691412562337,Princes Highway East near LOCH,PHE NR LOCH,-38.203436,146.062034,orange,93.98237696110036,0.404596,"https://www.google.com/maps/search/?api=1&query=-38.203436,146.062034",94.11517444304329,93.87360275150472,6.126397248495271,58.83751080380294,17.51558134536858,Metropolitan Backbone,#7b1fa2,86.99924879231058,41.245864368528174,73.8130107977053
325,3616,260353598,147,2014-01,2026-04,1771112.91,2242393,2026-03,2242393,0.048301,108470504394,20.123625,Top 10%,147,260353598.0,1771112.9115646258,1803024.0,212004.9113152653,2242393.0,440747.0,0.11970152209436337,1.2660926276117759,1763205.0833333333,1858904.5,95699.41666666674,5.4275828473536,Pascoe Vale / Barry,PASCOE VALE/BARRY,-37.66379,144.922082,orange,93.036750483559,0.385996,"https://www.google.com/maps/search/?api=1&query=-37.66379,144.922082",93.19041614123581,93.05674978503869,6.9432502149613065,61.21434745030251,48.91467870191274,Metropolitan Backbone,#7b1fa2,86.76178581399988,46.769726843861285,73.83139424286856
141,2169,324079205,147,2014-01,2026-04,2204620.44,2686389,2025-10,2686389,0.060124,55681171810,10.330062,Top 5%,147,324079205.0,2204620.4421768705,2237818.0,301352.12866203324,2686389.0,390060.0,0.13669116138852194,1.2185267579880668,2066044.3333333333,2346112.75,280068.41666666674,13.555779619443472,2014-01,2014-01,,,red,96.99118848055018,0.480474,https://www.google.com/maps/search/?api=1&query=SCATS%202169%202014-01%20Victoria,97.05758722152164,76.20378331900258,23.79621668099742,71.21866897147797,34.128519234902214,Metropolitan Backbone,#7b1fa2,86.67635259588315,54.225071859332154,76.72983720993047
48,2337,403381671,147,2014-01,2026-04,2744093.0,3110562,2025-10,3110562,0.074836,22588884021,4.190727,Top 5%,147,403381671.0,2744093.0,2821630.0,348086.7357516411,3110562.0,542483.0,0.1268494674749147,1.133548316328929,2734572.6666666665,2745547.25,10974.583333333489,0.40132717872555423,Nepean / Cummins / Patterson,NEPEAN/CUMMINS/PATTERSON,-37.924902,145.026256,red,98.989898989899,0.598047,"https://www.google.com/maps/search/?api=1&query=-37.924902,145.026256",99.01218999579655,87.10232158211522,12.89767841788478,52.160760587726884,2.3640661938534278,Metropolitan Backbone,#7b1fa2,86.6644370107623,40.319463550815065,74.3427536947596
192,3391,297178859,147,2014-01,2026-04,2021624.89,2376481,2023-03,2376481,0.055133,71496340636,13.264118,Top 5%,147,297178859.0,2021624.8911564625,2044585.0,259060.69688705102,2376481.0,452955.0,0.12814478987684821,1.1755301442893016,1955658.3333333333,2071265.0833333333,115606.75,5.911398122541856,Punt / Rowena,PUNT/ROWENA,-37.820299,144.989583,red,95.89512142703632,0.440592,"https://www.google.com/maps/search/?api=1&query=-37.820299,144.989583",95.98570828079025,85.597592433362,14.402407566638006,61.92739844425238,16.312056737588655,Metropolitan Backbone,#7b1fa2,86.57701735162563,45.263012348395364,74.85892803687419
270,2507,275566592,147,2014-01,2026-04,1874602.67,2253686,2025-08,2253686,0.051124,93754138316,17.39342,Top 10%,147,275566592.0,1874602.6666666667,1912696.0,238557.28802643012,2253686.0,375749.0,0.12725752089674652,1.2022206305762928,1793850.4166666667,1933934.8333333333,140084.4166666665,7.80914703729709,Phw / Geelong,PHW/GEELONG,-37.803978,144.882798,orange,94.2187835804857,0.40855,"https://www.google.com/maps/search/?api=1&query=-37.803978,144.882798",94.34636401849517,86.62940670679278,13.370593293207222,64.73638720829732,27.89598108747045,Metropolitan Backbone,#7b1fa2,86.49512932853001,47.15429378193132,74.73461158532193
71,2172,375339204,147,2014-01,2026-04,2553327.92,3050446,2024-10,3050446,0.069634,31448264081,5.834333,Top 5%,147,375339204.0,2553327.9183673467,2590507.0,302315.6671633442,3050446.0,505644.0,0.11840064293686625,1.1946941785489587,2455490.0833333335,2381778.6666666665,-73711.41666666698,-3.0019024376023364,Wrr / Pascoe Vale,WRR/PASCOE VALE,-37.694667,144.915258,red,98.49559424027508,0.556471,"https://www.google.com/maps/search/?api=1&query=-37.694667,144.915258",98.52879361076083,93.8950988822012,6.104901117798796,43.75540190146931,24.758220502901356,Metropolitan Backbone,#7b1fa2,86.41569158676262,38.68282775925774,72.78379244924629
266,2638,276700899,147,2014-01,2026-04,1882319.04,2158606,2025-07,2158606,0.051334,92650075542,17.188593,Top 10%,147,276700899.0,1882319.0408163266,1910576.0,225182.6642480143,2158606.0,401563.0,0.11963044487418922,1.146780090512102,1855363.0,1898270.1666666667,42907.166666666744,2.3126022598632585,MELTON Highway / KINGS,MELTON HWY/KINGS,-37.697451,144.781239,orange,94.30474962389856,0.410232,"https://www.google.com/maps/search/?api=1&query=-37.697451,144.781239",94.43043295502311,93.1427343078246,6.8572656921754085,55.87726879861711,5.308403180743607,Metropolitan Backbone,#7b1fa2,86.39787546194229,38.845570699962686,73.32628530487506
185,3511,298752711,147,2014-01,2026-04,2032331.37,2412398,2022-07,2412398,0.055425,69411364952,12.877309,Top 5%,147,298752711.0,2032331.3673469387,2076343.0,249822.8568077317,2412398.0,433326.0,0.12292427348294946,1.187010169089311,1933547.5833333333,1958464.75,24917.166666666744,1.2886761557587774,Mt Alexander / Kellaway / Taylors,MT ALEXANDER/KELLAWAY/TAYLORS,-37.764462,144.923681,red,96.0455620030088,0.442926,"https://www.google.com/maps/search/?api=1&query=-37.764462,144.923681",96.13282891971416,90.60619088564059,9.393809114359415,54.019014693172,21.577476896625832,Metropolitan Backbone,#7b1fa2,86.32840656588733,41.9567249164141,73.5938854967878
284,137,271694953,147,2014-01,2026-04,1848264.99,2252634,2024-12,2252634,0.050405,97588866230,18.104845,Top 10%,147,271694953.0,1848264.9863945579,1885991.0,230746.21531145743,2252634.0,367147.0,0.12484476901852587,1.218783029804753,1702098.4166666667,1797370.4166666667,95272.0,5.597326163229593,Maroondah / Croydon / Warrien / Lincoln,MAROONDAH/CROYDON/WARRIEN/LINCOLN,-37.782757,145.284167,orange,93.91790242854071,0.40281,"https://www.google.com/maps/search/?api=1&query=-37.782757,145.284167",94.05212274064732,88.82201203783319,11.17798796216681,61.495246326707,34.23597678916828,Metropolitan Backbone,#7b1fa2,86.23321978215573,46.3066907512752,74.06360510052436
196,2322,296065115,147,2014-01,2026-04,2014048.4,2501092,2025-10,2501092,0.054926,72681763619,13.484039,Top 5%,147,296065115.0,2014048.4013605441,2019609.0,276810.84618212463,2501092.0,446498.0,0.13744001683133902,1.2418231847409649,1916163.0,2208894.3333333335,292731.3333333335,15.27695364816738,Nepean / South,NEPEAN/SOUTH,-37.933006,145.034374,red,95.80915538362346,0.438941,"https://www.google.com/maps/search/?api=1&query=-37.933006,145.034374",95.90163934426229,75.55889939810834,24.44110060189166,72.62316335350043,41.95142918547174,Metropolitan Backbone,#7b1fa2,86.16025915957144,55.81437646338543,76.45831534552354
484,2181,228672555,147,2014-01,2026-04,1555595.61,1976240,2025-10,1976240,0.042424,147119458599,27.293842,Top 25%,147,228672555.0,1555595.612244898,1568955.0,200752.65432327864,1976240.0,383394.0,0.12905195459735846,1.2704072860864304,1363023.5833333333,1673915.0833333333,310891.5,22.80895971291277,Hume / Austrak,HUME/AUSTRAK,-37.638051,144.950588,orange,89.61960025789814,0.339026,"https://www.google.com/maps/search/?api=1&query=-37.638051,144.950588",89.84867591424968,84.63026655202064,15.369733447979364,77.87381158167676,49.90328820116054,Reliable Exposure Corridor,#1565c0,86.14910070717784,54.196778594319824,75.23817980534875
44,948,409360248,147,2014-01,2026-04,2784763.59,3314536,2025-08,3314536,0.075945,20967318638,3.889891,Top 1%,147,409360248.0,2784763.5918367347,2835621.0,372444.6779634499,3314536.0,593142.0,0.1337437328810372,1.1902396346017456,2789590.5,2889198.1666666665,99607.66666666651,3.570691349381442,Princes Highway East / SPRINGVALE BYPASS / Westall,PHE/SPRINGVALE BYPASS/Westall,-37.924655,145.143566,red,99.07586503331184,0.60691,"https://www.google.com/maps/search/?api=1&query=-37.924655,145.143566",99.09625893232452,79.79363714531385,20.206362854686155,58.31892826274849,22.823984526112184,Metropolitan Backbone,#7b1fa2,86.11513735165664,47.81075494334643,75.24678402936142
4,849,548183949,147,2014-01,2026-04,3729142.51,4709610,2021-05,4709610,0.1017,2421037767,0.449155,Top 1%,147,548183949.0,3729142.5102040814,3823025.0,588563.6496356791,4709610.0,754316.0,0.15782814628971348,1.2629203596035974,2952478.0833333335,3934008.25,981530.1666666665,33.24428290280562,Canterbury / Mitcham / Boronia,CANTERBURY/MITCHAM/BORONIA,-37.836096,145.195312,red,99.93552546744036,0.812728,"https://www.google.com/maps/search/?api=1&query=-37.836096,145.195312",99.93694829760403,58.16852966466036,41.83147033533964,82.51944684528955,47.99054373522459,Mature Urban Arterial,#795548,86.01134334890523,66.58281989076023,79.38394258621274
121,256,335502364,147,2014-01,2026-04,2282329.01,2935303,2024-03,2935303,0.062243,49091246707,9.107488,Top 5%,147,335502364.0,2282329.006802721,2230833.0,343422.9028639072,2935303.0,525947.0,0.15047037558577192,1.2860998529357606,1961303.8333333333,2550060.0,588756.1666666667,30.018610918943978,STH GIPPS'D Highway / THOMPSONS,STH GIPPS'D HWY/THOMPSONS,-38.082238,145.276442,red,97.42101869761444,0.49741,"https://www.google.com/maps/search/?api=1&query=-38.082238,145.276442",97.47793190416141,64.10146173688736,35.89853826311264,81.1581676750216,53.707285622179235,Mature Urban Arterial,#795548,85.86986151651494,64.46361791875506,78.30177597872132
467,744,231209607,147,2014-01,2026-04,1572854.47,1805463,2018-03,1805463,0.042894,143212577874,26.569031,Top 10%,147,231209607.0,1572854.469387755,1598085.0,171847.28623651149,1805463.0,340381.0,0.10925822419120841,1.1478894170690754,1508387.5833333333,1564004.25,55616.666666666744,3.6871602021385916,Cranbourne / Mcclelland,CRANBOURNE/MCCLELLAND,-38.156339,145.170676,orange,89.98495594240275,0.342787,"https://www.google.com/maps/search/?api=1&query=-38.156339,145.170676",90.20596889449348,97.8933791917455,2.106620808254514,58.62143474503026,5.738233397807866,Metropolitan Backbone,#7b1fa2,85.81091463891384,37.225676494968035,72.2116419111154
20,414,486344942,147,2014-01,2026-04,3308468.99,3719078,2018-10,3719078,0.090228,10516618869,1.95106,Top 1%,147,486344942.0,3308468.993197279,3394378.0,367074.70125329914,3719078.0,647268.0,0.11095002008725521,1.1241084645638197,3346830.25,3095603.8333333335,-251226.4166666665,-7.506398529374668,SPRINGVALE near TUNSTALL,SPRINGVALE NR TUNSTALL,-37.815046,145.176542,red,99.59166129378896,0.721046,"https://www.google.com/maps/search/?api=1&query=-37.815046,145.176542",99.60067255149222,97.3774720550301,2.6225279449699053,33.27571305099395,1.2250161186331399,Metropolitan Backbone,#7b1fa2,85.77988052727704,31.004485624131068,71.34431886112179
506,965,225610326,147,2014-01,2026-04,1534764.12,1816095,2022-03,1816095,0.041856,152111424564,28.219959,Top 25%,147,225610326.0,1534764.1224489796,1564213.0,176042.16430889565,1816095.0,317983.0,0.11470307504190948,1.183305612527682,1440681.0833333333,1537366.3333333333,96685.25,6.711079302596058,STH GIPPSLAND Highway / WATERVIEW,STH GIPPSLAND HWY/WATERVIEW,-38.020924,145.239142,orange,89.14678701912744,0.334486,"https://www.google.com/maps/search/?api=1&query=-38.020924,145.239142",89.38629676334594,95.89423903697335,4.105760963026655,63.11581676750217,19.75069847410273,Reliable Exposure Corridor,#1565c0,85.75918633258404,41.21162549109458,72.64170884885478
54,2157,389651351,147,2014-01,2026-04,2650689.46,3486500,2025-03,3486500,0.072289,24965076421,4.631562,Top 5%,147,389651351.0,2650689.462585034,2612898.0,390663.42004916567,3486500.0,542301.0,0.1473818135105795,1.3153181650331298,2228845.3333333335,2602869.5833333335,374024.25,16.781076928322825,Sydney / Mahoneys / Camp,SYDNEY/MAHONEYS/CAMP,-37.689554,144.958231,red,98.86094992477972,0.57769,"https://www.google.com/maps/search/?api=1&query=-37.689554,144.958231",98.88608659100461,66.42304385210662,33.57695614789338,73.81158167675022,59.05867182462927,Metropolitan Backbone,#7b1fa2,85.75542492342925,62.53142724668306,77.58220749390746
261,2149,276985589,147,2014-01,2026-04,1884255.71,2181118,2025-10,2181118,0.051387,91265832410,16.931786,Top 10%,147,276985589.0,1884255.7074829931,1925752.0,271073.0159894044,2181118.0,407840.0,0.143862117499703,1.1575488355099948,1451154.9166666667,1909205.8333333333,458050.9166666665,31.564577386321996,Sydney / Campbellfield Shopping Centre,SYDNEY / CAMPBELLFIELD SHOPPING CENTRE,-37.68785,144.95805,orange,94.41220717816462,0.410654,"https://www.google.com/maps/search/?api=1&query=-37.68785,144.95805",94.53551912568307,69.51848667239898,30.481513327601036,81.87121866897148,9.284332688588009,Metropolitan Backbone,#7b1fa2,85.74840092101974,55.52964899377662,77.39115167397163
265,177,276835424,147,2014-01,2026-04,1883234.18,2197033,2019-10,2197033,0.051359,92373374643,17.137259,Top 10%,147,276835424.0,1883234.1768707484,1921655.0,225872.84917500426,2197033.0,377400.0,0.11993880099941844,1.1666276169916752,1817017.8333333333,1827827.0,10809.166666666744,0.5948850070908354,BURWOOD Highway / DORSET,BURWOOD HWY/DORSET,-37.885825,145.284256,orange,94.32624113475178,0.410431,"https://www.google.com/maps/search/?api=1&query=-37.885825,145.284256",94.45145018915511,92.90627687016337,7.093723129836629,52.67934312878133,12.637008381689233,Metropolitan Backbone,#7b1fa2,85.71073544733242,39.07244732916163,72.68433505438423
112,3689,339858763,147,2014-01,2026-04,2311964.37,2665966,2026-03,2665966,0.063051,46054196697,8.54405,Top 5%,147,339858763.0,2311964.3741496596,2381406.0,287160.76313192537,2665966.0,510578.0,0.12420639623287581,1.1531172494734232,2370907.5,2350750.0833333335,-20157.41666666651,-0.8501983593483302,Warrigal / The Boulevard,WARRIGAL/THE BOULEVARD,-37.874538,145.091762,red,97.61444229529336,0.503869,"https://www.google.com/maps/search/?api=1&query=-37.874538,145.091762",97.66708701134931,89.55288048151333,10.447119518486673,47.990492653414,7.371588222652052,Metropolitan Backbone,#7b1fa2,85.70321650730327,38.6927952631622,73.02593170986566
189,3395,297668130,147,2014-01,2026-04,2024953.27,2357694,2025-03,2357694,0.055224,70604399385,13.098643,Top 5%,147,297668130.0,2024953.2653061224,2075134.0,259796.00700075954,2357694.0,423949.0,0.1282972854000583,1.1643202045176957,2004760.1666666667,2067339.3333333333,62579.16666666651,3.121528834579623,Punt / Alexandra,PUNT/ALEXANDRA,-37.830633,144.987845,red,95.95959595959596,0.441318,"https://www.google.com/maps/search/?api=1&query=-37.830633,144.987845",96.04875998318622,85.49011177987961,14.509888220120379,57.368193604148665,11.648398882441436,Metropolitan Backbone,#7b1fa2,85.67298465655207,43.2459307872902,73.97008630225751
58,3390,385989403,147,2014-01,2026-04,2625778.25,2932977,2019-08,2932977,0.071609,26513564360,4.91884,Top 5%,147,385989403.0,2625778.2517006802,2693688.0,305994.8562369816,2932977.0,542895.0,0.11653491913827566,1.1169934087542812,2695202.75,2545048.1666666665,-150154.5833333335,-5.571179508975104,Punt / Bridge / Hoddle / Wellington,PUNT/BRIDGE/HODDLE/WELLINGTON,-37.817555,144.990013,red,98.77498388136686,0.572261,"https://www.google.com/maps/search/?api=1&query=-37.817555,144.990013",98.80201765447667,95.09888220120378,4.901117798796217,37.77009507346586,0.7092198581560284,Metropolitan Backbone,#7b1fa2,85.66984927495629,32.91320626123717,71.76987106926786
45,3735,407474384,147,2014-01,2026-04,2771934.59,3208199,2017-03,3208199,0.075595,21374793022,3.965486,Top 1%,147,407474384.0,2771934.5850340137,2830645.0,339124.30869483727,3208199.0,550350.0,0.12234210378766061,1.1573862591568456,2827623.3333333335,2718624.8333333335,-108998.5,-3.854774386498909,Plenty / Grimshaw,PLENTY/GRIMSHAW,-37.700033,145.05837,red,99.05437352245865,0.604114,"https://www.google.com/maps/search/?api=1&query=-37.700033,145.05837",99.07524169819251,90.99312123817714,9.006878761822872,41.853932584269664,9.219858156028367,Metropolitan Backbone,#7b1fa2,85.6104497604041,36.906614404961665,72.50430134294942
79,2336,368801497,147,2014-01,2026-04,2508853.72,2920025,2024-12,2920025,0.068421,34425924828,6.386754,Top 5%,147,368801497.0,2508853.7210884355,2578725.0,324126.2528524363,2920025.0,498012.0,0.12919296574685035,1.1638881037405333,2508333.25,2513350.0,5016.75,0.20000332890376507,Nepean / Dendy,NEPEAN/DENDY,-37.922877,145.024464,red,98.3236621534494,0.546779,"https://www.google.com/maps/search/?api=1&query=-37.922877,145.024464",98.36065573770492,84.35081685296646,15.649183147033535,51.81503889369058,11.476466795615732,Metropolitan Backbone,#7b1fa2,85.54907264771742,42.41532693645226,73.84284370335365
119,3693,335728570,147,2014-01,2026-04,2283867.82,2785280,2019-03,2785280,0.062285,48420106557,8.982977,Top 5%,147,335728570.0,2283867.8231292516,2374781.0,332304.2083559142,2785280.0,500428.0,0.1455006305490158,1.2195451819903205,2003623.1666666667,2352107.4166666665,348484.24999999977,17.392704167009438,Warrigal / North,WARRIGAL/NORTH,-37.909488,145.085246,red,97.46400171932088,0.497745,"https://www.google.com/maps/search/?api=1&query=-37.909488,145.085246",97.51996637242539,68.05674978503869,31.943250214961306,74.37337942955921,34.66580700623254,Metropolitan Backbone,#7b1fa2,85.52484483700547,58.196015729524184,77.16149824275519
50,3384,401283844,147,2014-01,2026-04,2729822.07,3128559,2025-10,3128559,0.074447,23393045121,4.339916,Top 5%,147,401283844.0,2729822.068027211,2821622.0,345983.22746673244,3128559.0,601270.0,0.12674204356358207,1.1460670043820653,2803976.5833333335,2756949.4166666665,-47027.16666666698,-1.6771597504128104,Hoddle / Langridge,HODDLE/LANGRIDGE,-37.807161,144.991773,red,98.94691596819256,0.594936,"https://www.google.com/maps/search/?api=1&query=-37.807161,144.991773",98.97015552753258,87.18830610490112,12.811693895098882,46.36992221261884,5.093488072211477,Metropolitan Backbone,#7b1fa2,85.50464650889198,38.953123843408505,73.16996973515849
129,2321,332405549,147,2014-01,2026-04,2261262.24,2692005,2019-10,2692005,0.061668,51760451037,9.602683,Top 5%,147,332405549.0,2261262.238095238,2327390.0,294419.16736208356,2692005.0,441983.0,0.13020124884325046,1.1904877526578235,2180140.4166666665,2227895.75,47755.33333333349,2.1904705297078606,Nepean / Marriage / Thomas,NEPEAN/MARRIAGE/THOMAS,-37.920695,145.022318,red,97.24908661078874,0.492819,"https://www.google.com/maps/search/?api=1&query=-37.920695,145.022318",97.3097940311055,83.23301805674978,16.766981943250215,55.574762316335345,22.99591661293789,Metropolitan Backbone,#7b1fa2,85.44359369456255,45.452218673199965,74.06601068010204
40,3383,414910027,147,2014-01,2026-04,2822517.19,3642270,2017-03,3642270,0.076975,19326118695,3.585413,Top 1%,147,414910027.0,2822517.1904761903,2896150.0,363772.47258632205,3642270.0,580375.0,0.1288822877018331,1.2904332389151927,2834495.6666666665,2813307.0,-21188.66666666651,-0.7475286314896411,Hoddle / Gipps,HODDLE/GIPPS,-37.804991,144.99213,red,99.1618310767247,0.615138,"https://www.google.com/maps/search/?api=1&query=-37.804991,144.99213",99.18032786885246,84.78073946689597,15.219260533104043,48.20656871218669,54.54545454545454,Metropolitan Backbone,#7b1fa2,85.38567893703018,47.806595555831095,73.51149825676575
8,2405,518575823,147,2014-01,2026-04,3527726.69,4018888,2019-03,4018888,0.096207,4575274210,0.848812,Top 1%,147,518575823.0,3527726.68707483,3619882.0,396501.1288442844,4018888.0,752595.0,0.11239564853394603,1.139228845229061,3608746.5,3305622.6666666665,-303123.8333333335,-8.399698713482188,Princes Highway East / ALBERT,PHE/ALBERT,-37.83513,144.971089,red,99.84955942402752,0.768831,"https://www.google.com/maps/search/?api=1&query=-37.83513,144.971089",99.85287936107609,96.7755803955288,3.224419604471195,31.352636127917027,3.481624758220503,Metropolitan Backbone,#7b1fa2,85.38350597305747,31.027157285888322,71.0431019578441
83,2613,365991541,147,2014-01,2026-04,2489738.37,2777566,2019-10,2777566,0.067899,35894200464,6.659151,Top 5%,147,365991541.0,2489738.3741496596,2552363.0,285777.4833881672,2777566.0,512658.0,0.11478213388013955,1.1156055707855828,2520560.6666666665,2372049.9166666665,-148510.75,-5.891972844137059,WESTERN Highway / MCINTYRE / ANDERSON,WESTERN HWY/MCINTYRE/ANDERSON,-37.777059,144.82872,red,98.23769611003654,0.542613,"https://www.google.com/maps/search/?api=1&query=-37.777059,144.82872",98.27658680117696,95.78675838349098,4.213241616509028,36.88418323249784,0.6447453255963894,Metropolitan Backbone,#7b1fa2,85.37564898301964,32.291918694602366,71.39063862620375
390,2608,245351715,147,2014-01,2026-04,1669059.29,1997673,2024-12,1997673,0.045518,124904366323,23.172461,Top 10%,147,245351715.0,1669059.2857142857,1708257.0,208702.58921220087,1997673.0,373754.0,0.12504204673765384,1.1968855852505453,1633242.9166666667,1745683.6666666667,112440.75,6.8845086577496755,WESTERN Highway / DARNLEY / BUTLER,WESTERN HWY / DARNLEY / BUTLER,-37.779687,144.852528,orange,91.63980227810016,0.363754,"https://www.google.com/maps/search/?api=1&query=-37.779687,144.852528",91.82429592265657,88.71453138435082,11.285468615649183,63.439930855661196,25.639372447883087,Metropolitan Backbone,#7b1fa2,85.36998177468107,45.19265832388935,73.44464590554524
110,604,340669484,147,2014-01,2026-04,2317479.48,2649594,2017-03,2649594,0.063202,45374406850,8.417934,Top 5%,147,340669484.0,2317479.482993197,2376987.0,292180.9444087116,2649594.0,486554.0,0.12607703608721413,1.1433085036756625,2271168.75,2256479.3333333335,-14689.416666666511,-0.6467778612516798,Princes Highway East / NARRE WARREN-CRANBOURNE,PHE/NARRE WARREN-CRANBOURNE,-38.026231,145.306729,red,97.65742531699978,0.505071,"https://www.google.com/maps/search/?api=1&query=-38.026231,145.306729",97.70912147961329,87.81169389509888,12.188306104901118,48.37942955920484,4.362776703202234,Metropolitan Backbone,#7b1fa2,85.368826199403,38.97597680587983,73.0355752724219
135,3064,326109276,147,2014-01,2026-04,2218430.45,2690670,2023-03,2690670,0.0605,53730165970,9.968108,Top 5%,147,326109276.0,2218430.448979592,2281574.0,283540.6017158981,2690670.0,473749.0,0.12781135502639618,1.2128710193450614,2232337.6666666665,2237331.0833333335,4993.416666666977,0.22368554458533874,Bell / Albert,BELL/ALBERT,-37.747241,145.021789,red,97.12013754566946,0.483484,"https://www.google.com/maps/search/?api=1&query=-37.747241,145.021789",97.18369062631358,85.9415305245056,14.058469475494412,51.92307692307693,32.06533419299377,Metropolitan Backbone,#7b1fa2,85.32102786021426,44.7439256475579,73.41435269268179
262,3061,276949746,147,2014-01,2026-04,1884011.88,2277571,2024-03,2277571,0.05138,91542782156,16.983166,Top 10%,147,276949746.0,1884011.8775510204,1931261.0,229859.5648209355,2277571.0,411322.0,0.1220053692653595,1.2088941832790128,1914852.5833333333,1923690.3333333333,8837.75,0.4615368345805211,Bell / Plenty,BELL/PLENTY,-37.745563,145.006207,orange,94.3907156673114,0.410601,"https://www.google.com/maps/search/?api=1&query=-37.745563,145.006207",94.51450189155108,91.3585554600172,8.641444539982803,52.39844425237684,30.51794541156243,Metropolitan Backbone,#7b1fa2,85.30230375583277,42.22463105475161,72.57914247467421
146,4380,322074065,147,2014-01,2026-04,2190980.03,2529100,2024-10,2529100,0.059752,57296975669,10.629828,Top 5%,147,322074065.0,2190980.034013605,2249953.0,272817.5187551274,2529100.0,426435.0,0.12451848694182728,1.154323618078345,2163546.25,2146521.25,-17025.0,-0.7869025217279271,Cemetery / Lygon / Princes,CEMETERY/LYGON/PRINCES,-37.792238,144.968424,red,96.88373092628412,0.477501,"https://www.google.com/maps/search/?api=1&query=-37.792238,144.968424",96.95250105086171,89.16595012897679,10.834049871023216,48.18496110630942,7.9088759939823765,Metropolitan Backbone,#7b1fa2,85.25235533148003,38.82423739602065,72.72391520059848
140,867,324797828,147,2014-01,2026-04,2209509.03,2550188,2025-10,2550188,0.060257,55357092605,10.269938,Top 5%,147,324797828.0,2209509.034013605,2278258.0,304729.97557288234,2550188.0,454433.0,0.13791750605306913,1.1541876320675397,2081507.0833333333,2246433.1666666665,164926.08333333326,7.923397650380321,Ringwood Bypass / Warrandyte,RINGWOOD BYPASS/WARRANDYTE,-37.810638,145.230657,red,97.0126799914034,0.48154,"https://www.google.com/maps/search/?api=1&query=-37.810638,145.230657",97.07860445565363,75.08598452278589,24.9140154772141,64.95246326707,7.8229099505695245,Metropolitan Backbone,#7b1fa2,85.15522123471999,48.794801780862095,75.43016388459743
312,2789,263244083,147,2014-01,2026-04,1790776.07,2522183,2021-05,2522183,0.048837,105066125164,19.492039,Top 10%,147,263244083.0,1790776.074829932,1830696.0,244447.74451849473,2522183.0,389944.0,0.13650380299039322,1.40843014123892,1597892.75,1848771.1666666667,250878.41666666674,15.700579195109732,MRR / Edgars,MRR/EDGARS,-37.687224,145.002442,orange,93.31614012465076,0.390281,"https://www.google.com/maps/search/?api=1&query=-37.687224,145.002442",93.46364018495166,76.54772141014618,23.452278589853826,72.88245462402766,71.6956802063185,Metropolitan Backbone,#7b1fa2,85.11842337906549,59.52011396159524,75.46251507854109
374,2160,249003761,147,2014-01,2026-04,1693903.14,1954186,2025-03,1954186,0.046196,120949817387,22.438807,Top 10%,147,249003761.0,1693903.1360544218,1737900.0,206265.41918249236,1954186.0,390899.0,0.12176931182909473,1.1536586469471037,1671859.9166666667,1726405.25,54545.333333333256,3.262554044724336,Sydney Road / Anderson,SYDNEY RD/ANDERSON,-37.694747,144.959102,orange,91.98366645175156,0.369169,"https://www.google.com/maps/search/?api=1&query=-37.694747,144.959102",92.16057166876838,91.57351676698194,8.426483233018056,57.64909248055316,7.5650118203309695,Metropolitan Backbone,#7b1fa2,85.11151210567874,39.81086298252559,72.5807515854055
575,1122,215402072,147,2014-01,2026-04,1465320.22,1805516,2022-05,1805516,0.039962,167330207247,31.043373,Top 25%,147,215402072.0,1465320.2176870748,1497370.0,167746.54114971205,1805516.0,312316.0,0.114477736077709,1.2321648048028062,1366979.1666666667,1464305.9166666667,97326.75,7.11984149965709,DANDENONG SOUTH BYPASS / STH GIPPSLAND Highway,DANDENONG SOUTH BYPASS/STH GIPPSLAND HWY,-38.00594,145.22792,orange,87.66387277025575,0.319351,"https://www.google.com/maps/search/?api=1&query=-38.00594,145.22792",87.93610760823876,96.00171969045573,3.9982803095442816,63.72082973206569,38.4053298946916,Reliable Exposure Corridor,#1565c0,85.10945505355839,43.8636680338117,72.11550035464337
398,3560,243936157,147,2014-01,2026-04,1659429.64,1906050,2025-10,1906050,0.045255,126861960924,23.535638,Top 10%,147,243936157.0,1659429.6394557822,1695641.0,204461.11085588855,1906050.0,336224.0,0.12321167827455615,1.1486175458605754,1597314.25,1670782.4166666667,73468.16666666674,4.5994810768555245,North / East Boundary / Murrumbeena,NORTH/EAST BOUNDARY/MURRUMBEENA,-37.90667,145.061755,orange,91.46787019127444,0.361655,"https://www.google.com/maps/search/?api=1&query=-37.90667,145.061755",91.65615804960068,90.39122957867583,9.608770421324161,60.069144338807256,5.953148506339995,Metropolitan Backbone,#7b1fa2,85.02252318971078,40.608016834976766,72.77866146901555
221,2666,288411400,147,2014-01,2026-04,1961982.31,2255974,2025-10,2255974,0.053507,79981232229,14.838248,Top 5%,147,288411400.0,1961982.3129251702,2014457.0,239226.63061489095,2255974.0,377028.0,0.12193108420953183,1.1498442086547203,1996497.5833333333,1986200.75,-10296.833333333256,-0.5157448433341834,WESTERN Highway / CAIRNLEA,WESTERN HWY/CAIRNLEA,-37.770769,144.789947,red,95.27186761229316,0.427594,"https://www.google.com/maps/search/?api=1&query=-37.770769,144.789947",95.37620849096258,91.40154772141015,8.598452278589853,48.552290406222994,6.404470234257468,Metropolitan Backbone,#7b1fa2,85.01775968162656,37.61105765270448,72.19982928824827
130,3744,331777097,147,2014-01,2026-04,2256987.05,2665802,2019-10,2665802,0.061552,52092228134,9.664235,Top 5%,147,331777097.0,2256987.0544217685,2330746.0,314102.87477305206,2665802.0,389852.0,0.13916910784121622,1.1811330484937002,1876793.25,2028386.5833333333,151593.33333333326,8.077252693301899,Metropolitan Ring Road / Dalton,METROPOLITAN RING ROAD/DALTON,-37.687498,145.028584,red,97.22759509993551,0.491887,"https://www.google.com/maps/search/?api=1&query=-37.687498,145.028584",97.28877679697352,73.77472055030094,26.225279449699052,65.25496974935177,18.783580485708146,Metropolitan Backbone,#7b1fa2,85.00350132578103,51.03063116445112,75.51967953602349
552,5017,218983447,147,2014-01,2026-04,1489683.31,1769022,2026-01,1769022,0.040626,162343654165,30.118259,Top 25%,147,218983447.0,1489683.3129251702,1515088.0,174419.5700262674,1769022.0,290296.0,0.11708499955186707,1.1875154837616562,1374793.0,1465480.5,90687.5,6.596447610658478,Corio-Waurn Ponds ( Latrobe ) / Gordon,CORIO-WAURN PONDS ( LATROBE ) / GORDON,-38.144435,144.353339,orange,88.15817751987964,0.324661,"https://www.google.com/maps/search/?api=1&query=-38.144435,144.353339",88.41950399327449,94.81943250214961,5.1805674978503875,62.94295592048401,21.749408983451538,Reliable Exposure Corridor,#1565c0,84.92417650593518,41.64239754656547,72.1183396061778
313,3984,263173052,147,2014-01,2026-04,1790292.87,2019891,2019-05,2019891,0.048824,105329298216,19.540863,Top 10%,147,263173052.0,1790292.8707482994,1815669.0,180359.74521719627,2019891.0,382792.0,0.10074315111460519,1.1282461283307987,1763305.3333333333,1703609.1666666667,-59696.16666666651,-3.3854696369469672,CAMP near JOSEPH,CAMP NR JOSEPH,-37.685605,144.922551,orange,93.29464861379756,0.390176,"https://www.google.com/maps/search/?api=1&query=-37.685605,144.922551",93.44262295081968,99.50558899398109,0.4944110060189166,42.97752808988764,1.7193208682570384,Metropolitan Backbone,#7b1fa2,84.86534548942362,32.01272499947541,70.61996539554545
692,2147,203076634,147,2014-01,2026-04,1381473.7,1709182,2025-10,1709182,0.037675,191748242535,35.573446,Top 25%,147,203076634.0,1381473.7006802722,1381446.0,161825.59655307644,1709182.0,329756.0,0.11713983152439997,1.2372164588861563,1249527.0,1413261.5,163734.5,13.103718447060366,Sydney Road / Axiom Business Park,SYDNEY RD/AXIOM BUSINESS PARK,-37.655349,144.953357,orange,85.14936600042982,0.301078,"https://www.google.com/maps/search/?api=1&query=-37.655349,144.953357",85.47709121479613,94.7549441100602,5.2450558899398105,70.72169403630078,40.232108317214696,Reliable Exposure Corridor,#1565c0,84.84547500291309,46.1825122629106,72.34677705942143
572,305,215598388,147,2014-01,2026-04,1466655.7,1753123,2025-10,1753123,0.039998,166683755430,30.923442,Top 25%,147,215598388.0,1466655.7006802722,1498599.0,183616.21784179698,1753123.0,316644.0,0.12519381185143255,1.1953200735434069,1336408.9166666667,1518601.9166666667,182193.0,13.633027865036567,STH GIPPSLAND Highway / LYNBROOK,STH GIPPSLAND HWY/LYNBROOK,-38.050525,145.257577,orange,87.7283473028154,0.319642,"https://www.google.com/maps/search/?api=1&query=-38.050525,145.257577",87.99915931063472,88.58555460017197,11.41444539982803,71.34831460674157,25.08059316569955,Reliable Exposure Corridor,#1565c0,84.81558919224041,46.76147110894416,73.29856234114254
86,3198,363923761,146,2014-01,2026-04,2492628.5,3035865,2022-08,3035865,0.067516,36988470886,6.862161,Top 5%,146,363923761.0,2492628.5,2540027.5,339564.4013401278,3035865.0,571220.0,0.13622744076789936,1.2179372096563927,2505183.0,2589016.25,83833.25,3.3463922595674647,Centre / Clayton,CENTRE/CLAYTON,-37.928527,145.119061,red,98.1732215774769,0.539547,"https://www.google.com/maps/search/?api=1&query=-37.928527,145.119061",98.21353509878101,76.87016337059329,23.129836629406707,57.886776145203115,33.91360412637008,Metropolitan Backbone,#7b1fa2,84.8123403760185,50.19122330256499,74.61695419202174
477,3399,229617650,147,2014-01,2026-04,1562024.83,1805131,2019-03,1805131,0.042599,145515560035,26.996284,Top 25%,147,229617650.0,1562024.8299319728,1613111.0,191964.8980458629,1805131.0,317063.0,0.12289490817775484,1.1556352789082198,1467867.8333333333,1567006.5,99138.66666666674,6.7539232358226675,Punt / Commercial,PUNT/COMMERCIAL,-37.845705,144.985024,orange,89.77004083387062,0.340427,"https://www.google.com/maps/search/?api=1&query=-37.845705,144.985024",89.9957965531736,90.64918314703353,9.350816852966465,63.245462402765774,8.51063829787234,Reliable Exposure Corridor,#1565c0,84.80907637155701,41.52217967468357,72.67966008683295
186,3053,298710934,147,2014-01,2026-04,2032047.17,2326351,2025-07,2326351,0.055417,69710075886,12.932727,Top 5%,147,298710934.0,2032047.1700680272,2074796.0,239530.32362390985,2326351.0,446153.0,0.11787635993503588,1.144831199918514,2116533.6666666665,2033747.75,-82785.91666666651,-3.91139144018655,Bell / Sussex,BELL/SUSSEX,-37.73951,144.948471,red,96.0240704921556,0.442864,"https://www.google.com/maps/search/?api=1&query=-37.73951,144.948471",96.11181168558218,94.3250214961307,5.674978503869303,41.767502160760586,4.749623898560069,Metropolitan Backbone,#7b1fa2,84.796252233255,34.45129904648288,71.32006676547063
6,2487,544715773,147,2014-01,2026-04,3705549.48,4174126,2018-10,4174126,0.101057,3512724485,0.651686,Top 1%,147,544715773.0,3705549.476190476,3795334.0,425808.4730975761,4174126.0,804548.0,0.11491102084415626,1.1264526426702168,3821518.0833333335,3463230.6666666665,-358287.416666667,-9.375525873585543,Princes Highway East near IRVING (LANSDOWNE),PHE NR IRVING (LANSDOWNE),-37.859989,145.007416,red,99.89254244573394,0.807586,"https://www.google.com/maps/search/?api=1&query=-37.859989,145.007416",99.89491382934006,95.76526225279449,4.234737747205504,29.386343993085568,1.4614227380184828,Metropolitan Backbone,#7b1fa2,84.76078696795277,30.496257586018377,70.61824313445986
56,2614,387494577,147,2014-01,2026-04,2636017.53,3444857,2025-10,3444857,0.071889,25740548282,4.775428,Top 5%,147,387494577.0,2636017.5306122447,2557745.0,416893.4451126999,3444857.0,676198.0,0.15815275895220304,1.3068414606483643,2444946.3333333335,3069300.0,624353.6666666665,25.536497801792237,WESTERN Highway / STATION,WESTERN HWY/STATION,-37.770309,144.77471,red,98.81796690307328,0.574493,"https://www.google.com/maps/search/?api=1&query=-37.770309,144.77471",98.84405212274065,57.910576096302655,42.08942390369734,79.49438202247191,57.855147216849346,Mature Urban Arterial,#795548,84.74074909607741,67.02669548011117,78.2742286645428
70,3671,375708270,147,2014-01,2026-04,2555838.57,2856153,2025-10,2856153,0.069702,31072924877,5.7647,Top 5%,147,375708270.0,2555838.5714285714,2626307.0,302298.8453172631,2856153.0,532790.0,0.11827775380520018,1.1175013288900988,2692040.8333333335,2515252.8333333335,-176788.0,-6.567062349537169,Street Georges / Merri / Charles,ST GEORGES/MERRI/CHARLES,-37.776519,144.98974,red,98.5170857511283,0.557018,"https://www.google.com/maps/search/?api=1&query=-37.776519,144.98974",98.54981084489282,93.91659501289767,6.0834049871023215,35.19878997407087,0.7522028798624544,Metropolitan Backbone,#7b1fa2,84.72130271272965,32.511621338665,71.08300262566082
269,2191,275853657,147,2014-01,2026-04,1876555.49,2117673,2018-03,2117673,0.051177,93478571724,17.342297,Top 10%,147,275853657.0,1876555.4897959183,1912232.0,207645.62759179727,2117673.0,408904.0,0.11065253797231406,1.128489411325803,1863486.0,1792471.1666666667,-71014.83333333326,-3.8108595038188238,Sydney / Lorne,SYDNEY/LORNE,-37.714854,144.961987,orange,94.24027509133892,0.408976,"https://www.google.com/maps/search/?api=1&query=-37.714854,144.961987",94.36738125262715,97.46345657781599,2.536543422184007,42.026793431287814,1.7408123791102514,Metropolitan Backbone,#7b1fa2,84.6732825196565,32.63042633454272,70.74385307883058
62,2406,381814908,147,2014-01,2026-04,2597380.33,2997668,2023-03,2997668,0.070835,28045823758,5.203107,Top 5%,147,381814908.0,2597380.326530612,2686978.0,330167.32340934343,2997668.0,543660.0,0.12711550943729386,1.1541120756866834,2599021.1666666665,2516260.1666666665,-82761.0,-3.1843141972615716,Princes Highway East / QUEENS,PHE/QUEENS,-37.836233,144.973047,red,98.689017837954,0.566072,"https://www.google.com/maps/search/?api=1&query=-37.836233,144.973047",98.71794871794873,86.82287188306105,13.177128116938952,43.34485738980121,7.758435418009886,Metropolitan Backbone,#7b1fa2,84.66956124359731,38.52280711416023,72.43319199519023
322,511,260821726,147,2014-01,2026-04,1774297.46,2440634,2025-10,2440634,0.048388,107688593120,19.978563,Top 10%,147,260821726.0,1774297.455782313,1804272.0,248299.9878530782,2440634.0,387745.0,0.13994270636182546,1.3755495123132495,1631533.4166666667,1940858.25,309324.83333333326,18.959147889554405,MOOROODUC Highway / GERTRUDE,MOOROODUC HWY/GERTRUDE,-38.148978,145.134752,orange,93.10122501611863,0.38669,"https://www.google.com/maps/search/?api=1&query=-38.148978,145.134752",93.25346784363178,73.0438521066208,26.95614789337919,75.49697493517719,67.87019127444658,Metropolitan Backbone,#7b1fa2,84.64976532768813,60.91496650312921,75.71564812200077
259,3050,277575845,147,2014-01,2026-04,1888271.05,2226956,2025-10,2226956,0.051496,90711597760,16.828963,Top 10%,147,277575845.0,1888271.0544217688,1921963.0,242149.48982519,2226956.0,439733.0,0.12823873418921927,1.179362462176779,1935791.8333333333,1978890.25,43098.416666666744,2.226397277048819,Bell / Cumberland,BELL/CUMBERLAND,-37.738181,144.937272,orange,94.45519019987104,0.411529,"https://www.google.com/maps/search/?api=1&query=-37.738181,144.937272",94.57755359394704,85.51160791057609,14.488392089423904,55.63958513396715,17.945411562432838,Metropolitan Backbone,#7b1fa2,84.52347348110833,43.370135224642844,72.9633965395984
97,2408,350979736,147,2014-01,2026-04,2387617.25,2789668,2019-10,2789668,0.065114,40893675537,7.586661,Top 5%,147,350979736.0,2387617.2517006802,2468748.0,306363.7424371457,2789668.0,506157.0,0.12831359055515507,1.1683899494414116,2388210.6666666665,2346058.0833333335,-42152.58333333302,-1.765027847906202,Princes Highway East / UNION,PHE/UNION,-37.853554,144.979322,red,97.93681495809156,0.520356,"https://www.google.com/maps/search/?api=1&query=-37.853554,144.979322",97.98234552332913,85.4256233877902,14.574376612209802,46.240276577355225,13.4107027724049,Metropolitan Backbone,#7b1fa2,84.49475120024962,40.581189308006564,72.61139197035867
72,2422,374935276,147,2014-01,2026-04,2550580.11,3116644,2025-10,3116644,0.069559,31823199357,5.903892,Top 5%,147,374935276.0,2550580.1088435375,2568807.0,393840.0077508901,3116644.0,586592.0,0.15441193412641396,1.2219353507830508,2326945.5,2759469.9166666665,432524.4166666665,18.58764705347274,Princes Highway East / MURRUMBEENA / BELGRAVE,PHE/MURRUMBEENA/BELGRAVE,-37.884552,145.067478,red,98.47410272942189,0.555872,"https://www.google.com/maps/search/?api=1&query=-37.884552,145.067478",98.50777637662883,61.07050730868444,38.929492691315566,75.21607605877269,35.761874059746404,Mature Urban Arterial,#795548,84.49011904607151,61.25598164387998,77.42523994667174
260,731,277249061,147,2014-01,2026-04,1886048.03,2436709,2025-10,2436709,0.051436,90988846821,16.880399,Top 10%,147,277249061.0,1886048.0340136054,1926405.0,262519.3428986988,2436709.0,416572.0,0.13919016809982532,1.2919655046189678,1779801.4166666667,2003583.75,223782.33333333326,12.573443938057316,Cranbourne / Moorooduc / Frankston Freeway,CRANBOURNE/MOOROODUC/FRANKSTON FWY,-38.146676,145.13573,orange,94.43369868901785,0.411045,"https://www.google.com/maps/search/?api=1&query=-38.146676,145.13573",94.55653635981504,73.75322441960448,26.246775580395525,70.18150388936905,54.76036965398667,Metropolitan Backbone,#7b1fa2,84.4807018806732,57.366185340010155,75.2744033607708
349,3058,254910024,147,2014-01,2026-04,1734081.8,2063869,2025-10,2063869,0.047291,114655390366,21.271055,Top 10%,147,254910024.0,1734081.7959183673,1776770.0,219055.8696141468,2063869.0,374124.0,0.12632383900791433,1.1901797278870445,1746615.3333333333,1803898.0,57282.666666666744,3.2796383710513672,Bell / Gilbert,BELL/GILBERT,-37.743808,144.989165,orange,92.52095422308189,0.377925,"https://www.google.com/maps/search/?api=1&query=-37.743808,144.989165",92.6860025220681,87.55374032674119,12.446259673258814,57.71391529818496,22.759509993552545,Metropolitan Backbone,#7b1fa2,84.40851952845975,43.62149247854257,72.6291712109047
512,3057,225254319,147,2014-01,2026-04,1532342.31,1850800,2025-10,1850800,0.04179,153463588658,28.470815,Top 25%,147,225254319.0,1532342.306122449,1552686.0,187103.14682269137,1850800.0,343242.0,0.1221027090847285,1.2078241216764416,1526099.1666666667,1620158.3333333333,94059.16666666651,6.163371864759761,BELL near JESSIE,BELL NR JESSIE,-37.744329,144.994514,orange,89.01783795400817,0.333958,"https://www.google.com/maps/search/?api=1&query=-37.744329,144.994514",89.26019335855402,91.27257093723131,8.727429062768701,62.35955056179775,29.873200085966044,Reliable Exposure Corridor,#1565c0,84.3831591938721,44.095484025114075,72.20262567057043
779,5143,194268257,147,2014-01,2026-04,1321552.77,1600227,2024-08,1600227,0.036041,209032836492,38.780112,Top 25%,147,194268257.0,1321552.768707483,1339987.0,160573.1810503155,1600227.0,298835.0,0.12150341995602697,1.2108687885123712,1147131.5,1392765.5833333333,245634.08333333326,21.412896719629202,Corio-Waurn Ponds / Rossack / Grr Ramps,CORIO-WAURN PONDS/ROSSACK/GRR RAMPS,-38.200726,144.311472,orange,83.2796045562003,0.288019,"https://www.google.com/maps/search/?api=1&query=-38.200726,144.311472",83.64859184531316,91.78847807394669,8.21152192605331,77.05272255834053,31.377605845690955,Reliable Exposure Corridor,#1565c0,84.36438954507703,47.4262086875371,72.64183474575637
120,456,335637786,147,2014-01,2026-04,2283250.24,2618929,2019-10,2618929,0.062268,48755744343,9.045245,Top 5%,147,335637786.0,2283250.2448979593,2352860.0,285993.63210902474,2618929.0,454799.0,0.1252572435930281,1.147017943325368,2341049.5833333335,2262077.6666666665,-78971.91666666698,-3.3733551492840146,Ferntree Gully / Streetud,FERNTREE GULLY/STUD,-37.899168,145.232834,red,97.44251020846764,0.497611,"https://www.google.com/maps/search/?api=1&query=-37.899168,145.232834",97.4989491382934,88.52106620808254,11.478933791917454,42.99913569576491,5.458843756716098,Metropolitan Backbone,#7b1fa2,84.35451571723499,37.23598392706668,71.90040756178914
7,3386,543973902,147,2014-01,2026-04,3700502.73,4235558,2017-03,4235558,0.100919,4056698387,0.752605,Top 1%,147,543973902.0,3700502.7346938774,3821583.0,456989.5681446779,4235558.0,757779.0,0.12349391445118935,1.1445898851228344,3763901.0833333335,3502308.0,-261593.0833333335,-6.950052021602679,Hoddle / Albert / Elizabeth,HODDLE/ALBERT/ELIZABETH,-37.811248,144.991117,red,99.87105093488071,0.806486,"https://www.google.com/maps/search/?api=1&query=-37.811248,144.991117",99.87389659520807,90.13327601031814,9.866723989681857,34.33448573898012,4.706640876853642,Metropolitan Backbone,#7b1fa2,84.33085927774,34.43447456865235,71.31681441615557
19,415,488718913,147,2014-01,2026-04,3324618.46,3737399,2016-07,3737399,0.090668,10030273927,1.860833,Top 1%,147,488718913.0,3324618.455782313,3401097.0,391892.7899074636,3737399.0,636897.0,0.11787601949506944,1.1241587718132775,3352249.9166666665,3035305.5833333335,-316944.333333333,-9.454674955991612,SPRINGVALE near WALKERS / SILVER,SPRINGVALE NR WALKERS/SILVER,-37.819786,145.175764,red,99.61315280464216,0.724566,"https://www.google.com/maps/search/?api=1&query=-37.819786,145.175764",99.62168978562421,94.34651762682718,5.653482373172829,29.278305963699225,1.246507629486353,Metropolitan Backbone,#7b1fa2,84.23421998153997,30.873524721268055,70.40274747761211
298,2187,266847563,147,2014-01,2026-04,1815289.54,2107860,2025-10,2107860,0.049506,101359028330,18.804292,Top 10%,147,266847563.0,1815289.544217687,1858114.0,249377.80966322526,2107860.0,392258.0,0.1373763268000844,1.1611701321776733,1662256.8333333333,1843667.25,181410.41666666674,10.913501032381584,Sydney / Mitre 10 Entry,SYDNEY/MITRE 10 ENTRY,-37.687026,144.957683,orange,93.61702127659576,0.395623,"https://www.google.com/maps/search/?api=1&query=-37.687026,144.957683",93.7578814627995,75.62338779019775,24.376612209802236,68.53932584269663,10.595314850633999,Metropolitan Backbone,#7b1fa2,84.1805469206285,49.43448554639477,74.68008121630899
229,2440,285695436,147,2014-01,2026-04,1943506.37,2227949,2019-03,2227949,0.053003,82271064346,15.263062,Top 5%,147,285695436.0,1943506.3673469387,1993970.0,234783.44492167415,2227949.0,429592.0,0.12080405233875036,1.14635539015051,1954732.5,1892106.3333333333,-62626.166666666744,-3.203822858967493,2014-01,2014-01,,,red,95.09993552546744,0.423567,https://www.google.com/maps/search/?api=1&query=SCATS%202440%202014-01%20Victoria,95.20807061790669,92.39036973344797,7.6096302665520215,43.32324978392394,5.179454115624329,Metropolitan Backbone,#7b1fa2,84.12668122999546,35.478877769395375,71.12780022151519
435,489,236030665,147,2014-01,2026-04,1605650.78,1907616,2022-03,1907616,0.043789,135739392781,25.182593,Top 10%,147,236030665.0,1605650.7823129252,1630684.0,205584.33039637917,1907616.0,330563.0,0.12803800967246243,1.1880640678616907,1538155.0833333333,1645068.8333333333,106913.75,6.950778316078987,Wellington / Wanda / Monash,WELLINGTON/WANDA/MONASH,-37.91946,145.164838,orange,90.67268428970556,0.349935,"https://www.google.com/maps/search/?api=1&query=-37.91946,145.164838",90.87852038671711,85.64058469475495,14.359415305245054,63.504753673293,21.98581560283688,Metropolitan Backbone,#7b1fa2,84.09428312104176,45.550797876592625,72.87831414341905
324,423,260742484,147,2014-01,2026-04,1773758.39,2105107,2019-10,2105107,0.048373,108210150796,20.075323,Top 10%,147,260742484.0,1773758.3945578232,1801504.0,224255.77907470963,2105107.0,389050.0,0.12642972107292771,1.1868059406843727,1796727.0833333333,1825019.1666666667,28292.08333333349,1.5746455650262312,Springvale / Coleman / Glen / Railway,SPRINGVALE/COLEMAN/GLEN/RAILWAY,-37.880718,145.165617,orange,93.0582419944122,0.386572,"https://www.google.com/maps/search/?api=1&query=-37.880718,145.165617",93.2114333753678,87.40326741186585,12.596732588134135,54.66724286949006,21.427036320653343,Metropolitan Backbone,#7b1fa2,84.05055378331676,42.66537138986553,72.2487569634068
