rank,site_id,total_volume,months_present_x,first_month,last_month,avg_monthly_volume,max_monthly_volume,best_month,best_month_volume,percent_of_network,cumulative_volume,cumulative_percent,percentile_band,months_present_y,monthly_total,monthly_mean,monthly_median,monthly_std,monthly_max,monthly_min,monthly_cv,max_to_mean_ratio,first12_avg,last12_avg,growth_abs,growth_pct,friendly_name,site_name,latitude,longitude,traffic_band,percentile_rank,volume_ratio,google_maps_url,scale_score,stability_score,volatility_score,growth_score,spike_score,traffic_archetype,archetype_colour,ooh_exposure_score,research_interest_score,strategic_importance_score
111,1197,339931084,147,2014-01,2026-04,2312456.35,4529531,2022-05,4529531,0.063065,45714337934,8.480998,Top 5%,147,339931084.0,2312456.353741497,1784642.0,1205108.1487210775,4529531.0,475328.0,0.5211376840783363,1.958753077726778,1288716.6666666667,3644420.5,2355703.833333333,182.79455013385407,Kororoit / Ferguson,KOROROIT/FERGUSON,-37.857814,144.888971,red,97.63593380614655,0.503976,"https://www.google.com/maps/search/?api=1&query=-37.857814,144.888971",97.6881042454813,5.6749785038692995,94.3250214961307,96.15384615384616,92.52095422308189,High-Volume Volatile Corridor,#d32f2f,74.37797119175127,95.27567535235814,78.4741650664293
851,1331,187089408,147,2014-01,2026-04,1272717.06,11736729,2022-05,11736729,0.034709,222755965123,41.326049,Top 25%,147,187089408.0,1272717.0612244897,872292.0,1244458.6937427316,11736729.0,291340.0,0.9777968188353109,9.221789632259673,719390.75,1460552.0833333333,741161.3333333333,103.02625288597793,Thompsons Road / Marriott Bivd / Missens Road,THOMPSONS RD/MARRIOTT BIVD/MISSENS RD,-38.079123,145.251125,orange,81.73221577476897,0.277375,"https://www.google.com/maps/search/?api=1&query=-38.079123,145.251125",82.13535098781001,1.741186586414445,98.25881341358556,93.2800345721694,98.86094992477972,Rising Growth Corridor,#2e7d32,64.265746604333,93.63080775268472,70.70397418826911
341,464,257202137,147,2014-01,2026-04,1749674.4,4672010,2025-09,4672010,0.047717,112610019766,20.891594,Top 10%,147,257202137.0,1749674.4013605441,1437348.0,756056.1885812968,4672010.0,393624.0,0.43211250504287463,2.670216810834663,1314699.1666666667,2918955.9166666665,1604256.7499999998,122.0246266731489,HIGH ST RD / STEPrinces Highway EastNSONS,HIGH ST RD/STEPHENSONS,-37.87009,145.130062,orange,92.69288630990758,0.381323,"https://www.google.com/maps/search/?api=1&query=-37.87009,145.130062",92.85414039512399,8.125537403267414,91.87446259673258,94.1875540190147,96.62583279604556,High-Volume Volatile Corridor,#d32f2f,71.93867237193798,93.47703111299245,76.0281508517721
823,4448,189912709,147,2014-01,2026-04,1291923.19,2718861,2025-07,2718861,0.035233,217488610731,40.348841,Top 25%,147,189912709.0,1291923.1904761905,912625.0,688185.221964932,2718861.0,447298.0,0.5326827686336938,2.1045066920718822,552596.4166666666,2101989.9166666665,1549393.5,280.3842828634581,Albert / Powlett,ALBERT/POWLETT,-37.810704,144.986159,orange,82.33397807865893,0.281561,"https://www.google.com/maps/search/?api=1&query=-37.810704,144.986159",82.72383354350568,5.43852106620808,94.56147893379192,96.91011235955057,94.00386847195358,Rising Growth Corridor,#2e7d32,66.23976118739026,92.81489831418651,71.87967361979807
1149,3252,160020797,147,2014-01,2026-04,1088576.85,2130922,2026-03,2130922,0.029687,274261512901,50.881443,Top 25%,147,160020797.0,1088576.850340136,1553731.0,810867.2732569466,2130922.0,2801.0,0.7448874858982932,1.957530145284803,140308.5,1889489.0,1749180.5,1246.6675219249012,MACEDON near EVANS,MACEDON NR EVANS,-37.576993,144.731711,yellow,75.32774554051149,0.237244,"https://www.google.com/maps/search/?api=1&query=-37.576993,144.731711",75.87221521647751,2.6010318142734357,97.39896818572656,98.29299913569577,92.49946271222868,Rising Growth Corridor,#2e7d32,62.03857614977015,92.62690105584284,68.93114826526771
769,4558,194897343,147,2014-01,2026-04,1325832.27,2299153,2025-01,2299153,0.036158,207088484060,38.419393,Top 25%,147,194897343.0,1325832.2653061224,1597196.0,766810.4689087602,2299153.0,333676.0,0.578361598955137,1.734120567256784,476471.75,2013407.5,1536935.75,322.56597584221936,Olympic Blvd(Swan) / Tram Access,OLYMPIC BLVD(SWAN)/TRAM ACCESS,-37.824342,144.986709,orange,83.49451966473244,0.288951,"https://www.google.com/maps/search/?api=1&query=-37.824342,144.986709",83.85876418663304,4.664660361134998,95.33533963886501,97.12618841832324,88.45905867182464,Rising Growth Corridor,#2e7d32,66.71372307659658,92.54583703720003,72.39491458570626
1150,3253,159922774,134,2015-02,2026-04,1193453.54,2134458,2019-10,2134458,0.029669,274421435675,50.911112,Top 25%,134,159922774.0,1193453.537313433,1612417.0,780929.5043831517,2134458.0,4569.0,0.6543442873704924,1.7884718032717466,34968.75,1652318.5833333333,1617349.8333333333,4625.1291033661,RIDDELL near HORNE,RIDDELL NR HORNE,-37.575338,144.728145,yellow,75.30625402965828,0.237099,"https://www.google.com/maps/search/?api=1&query=-37.575338,144.728145",75.85119798234552,3.5898538263112623,96.41014617368874,98.83318928262749,89.72705781216419,Rising Growth Corridor,#2e7d32,62.38226020339336,92.02280621387303,69.07916963989655
518,3705,224440053,119,2015-05,2026-04,1886050.87,5894351,2021-03,5894351,0.041638,154812090311,28.720991,Top 25%,119,224440053.0,1886050.8655462186,1456177.0,1347126.5059796465,5894351.0,0.0,0.7142577809477613,3.125234376058537,1035953.0,1455628.4166666667,419675.41666666674,40.51104795938298,Streetud / Mockridge,STUD / MOCKRIDGE,-37.885874,145.232878,orange,88.88888888888889,0.332751,"https://www.google.com/maps/search/?api=1&query=-37.885874,145.232878",89.13408995376209,2.8159931212381806,97.18400687876182,84.93949870354365,97.48549323017409,High-Volume Volatile Corridor,#d32f2f,66.71564749558743,91.94589399390826,72.23903987596357
304,2850,265046089,147,2014-01,2026-04,1803034.62,3165982,2024-03,3165982,0.049172,102952111757,19.099843,Top 10%,147,265046089.0,1803034.619047619,1596079.0,711303.2582853056,3165982.0,11227.0,0.3945033837791884,1.755918586672675,1186337.1666666667,2622420.8333333335,1436083.6666666667,121.05189882078211,Western Freeway / Robinsons On / Off Ramps,WESTERN FWY/ROBINSONS ON/OFF RAMPS,-37.794667,144.753019,orange,93.48807221147646,0.392953,"https://www.google.com/maps/search/?api=1&query=-37.794667,144.753019",93.63177805800757,9.845227858985384,90.15477214101462,94.12273120138289,89.01783795400817,High-Volume Volatile Corridor,#d32f2f,72.78333113692709,91.87002091447272,76.45110775932925
1797,6150,120028576,145,2014-01,2026-04,827783.28,2985597,2025-03,2985597,0.022268,364019262757,67.533446,Top 50%,145,120028576.0,827783.2827586207,688187.0,774338.2445404386,2985597.0,1209.0,0.9354359536712624,3.6067374905789102,4167.75,1349209.0,1345041.25,32272.5991242277,High / South,HIGH / SOUTH,-36.118641,146.889201,yellow,61.40124650762948,0.177952,"https://www.google.com/maps/search/?api=1&query=-36.118641,146.889201",62.253047498949144,1.8271711092003429,98.17282889079965,99.61106309420916,97.80786589297227,Rising Growth Corridor,#2e7d32,54.61818152056395,91.3655984237783,63.02744254882896
22,4035,478691176,147,2014-01,2026-04,3256402.56,5179024,2025-03,5179024,0.088808,11480367563,2.129856,Top 1%,147,478691176.0,3256402.5578231295,2500568.0,1196405.9959912489,5179024.0,1005699.0,0.3674011350706694,1.5904127048291359,2451433.6666666665,4621652.0,2170218.3333333335,88.52853588668728,Burke / Barkers / Mont Albert,BURKE/BARKERS/MONT ALBERT,-37.817373,145.059356,red,99.54867827208253,0.709699,"https://www.google.com/maps/search/?api=1&query=-37.817373,145.059356",99.55863808322825,11.478933791917456,88.52106620808254,92.11322385479689,83.64496024070492,High-Volume Volatile Corridor,#d32f2f,76.04962916471428,91.07481198201934,78.79797859800797
926,5235,180212073,147,2014-01,2026-04,1225932.47,2155332,2026-03,2155332,0.033433,236501046957,43.876059,Top 25%,147,180212073.0,1225932.469387755,1130911.0,599918.4466590198,2155332.0,0.0,0.48935684602482715,1.758116416539973,772798.5,1903131.6666666667,1130333.1666666667,146.2649276191228,Derrimut / Leakes,DERRIMUT/LEAKES,-37.83446,144.691056,orange,80.120352460778,0.267179,"https://www.google.com/maps/search/?api=1&query=-37.83446,144.691056",80.55905842791088,6.298366294067071,93.70163370593293,95.2247191011236,89.10380399742101,Rising Growth Corridor,#2e7d32,64.92701752909248,90.84036981260894,70.61143842748797
1208,287,155231154,147,2014-01,2026-04,1055994.24,2093939,2024-10,2093939,0.028799,283547050310,52.604111,Top 50%,147,155231154.0,1055994.2448979593,831531.0,594346.5685307307,2093939.0,0.0,0.5628312572746667,1.9829075869654358,758576.5,1838878.75,1080302.25,142.4117738949203,SPRINGVALE near BALMORAL,SPRINGVALE NR BALMORAL,-37.950436,145.152636,yellow,74.05974640017193,0.230143,"https://www.google.com/maps/search/?api=1&query=-37.950436,145.152636",74.63219840269021,4.836629406706794,95.16337059329321,95.11668107173725,92.77885235332045,Rising Growth Corridor,#2e7d32,61.280202687503774,90.6854515627099,67.84965696589337
945,5279,177259224,144,2014-01,2026-04,1230966.83,2245916,2025-10,2245916,0.032885,239892853605,44.505313,Top 25%,144,177259224.0,1230966.8333333333,1079449.5,549045.3467437375,2245916.0,14.0,0.44602773354744124,1.8245138205050475,807017.0833333334,1929358.4166666667,1122341.3333333335,139.07280979698388,Palmers / Leakes,PALMERS/LEAKES,-37.839437,144.747083,yellow,79.71201375456694,0.262801,"https://www.google.com/maps/search/?api=1&query=-37.839437,144.747083",80.15973097940311,7.545141874462602,92.4548581255374,95.00864304235091,90.43627767032022,Rising Growth Corridor,#2e7d32,64.97586611575755,90.45918110307201,70.45086464292471
362,2895,251959465,147,2014-01,2026-04,1714009.97,2679231,2025-10,2679231,0.046744,117949906856,21.882259,Top 10%,147,251959465.0,1714009.9659863946,1708013.0,632639.2279457435,2679231.0,525427.0,0.3690989203681008,1.5631361854177614,1050666.5833333333,2380179.5833333335,1329513.0000000002,126.53995292988209,Tullamarine Freeway / Bulla Wb Exit Ramp,TULLAMARINE FWY/BULLA WB EXIT RAMP,-37.734782,144.904227,orange,92.2415645819901,0.373551,"https://www.google.com/maps/search/?api=1&query=-37.734782,144.904227",92.41277847835225,11.392949269131558,88.60705073086844,94.44684528954191,82.44143563292499,High-Volume Volatile Corridor,#d32f2f,72.56463453828502,90.19529238327573,76.04476683662347
844,5249,187436651,147,2014-01,2026-04,1275079.26,2636822,2023-06,2636822,0.034774,221445361812,41.082904,Top 25%,147,187436651.0,1275079.2585034014,1031433.0,532877.760444318,2636822.0,351586.0,0.41791736230559695,2.0679671341332275,973135.6666666666,1834026.75,860891.0833333334,88.46567984525625,Werribee Main Road(Phw) / Synnot / Bridge,WERRIBEE MAIN RD(PHW)/SYNNOT/BRIDGE,-37.903107,144.660729,orange,81.88265635074146,0.27789,"https://www.google.com/maps/search/?api=1&query=-37.903107,144.660729",82.28247162673392,8.791917454858122,91.20808254514188,92.09161624891962,93.74597034171502,Rising Growth Corridor,#2e7d32,65.87166200820212,90.06870364207957,70.8850313545571
1387,3182,143719088,147,2014-01,2026-04,977680.87,2085464,2024-10,2085464,0.026663,310276898967,57.563076,Top 50%,147,143719088.0,977680.8707482993,741818.0,534905.492998482,2085464.0,12526.0,0.5471166604590258,2.133072316740557,666156.8333333334,1604399.6666666667,938242.8333333334,140.84413555266391,Clyde Road / Reserve Street,CLYDE RD/RESERVE ST,-38.03579,145.342933,yellow,70.2127659574468,0.213075,"https://www.google.com/maps/search/?api=1&query=-38.03579,145.342933",70.87011349306431,5.073086844368014,94.926913155632,95.05185825410545,94.2187835804857,Rising Growth Corridor,#2e7d32,59.25720578309847,90.04681731638854,66.15557706491843
1651,6630,127468072,145,2014-01,2026-04,879090.15,1490436,2024-12,1490436,0.023648,345985995955,64.187885,Top 50%,145,127468072.0,879090.151724138,1236312.0,602034.4993765736,1490436.0,999.0,0.6848381797882938,1.6954302093782354,16054.0,1278235.75,1262181.75,7862.101345459076,Princes Highway East near CONTINGENT,PHE NR CONTINGENT,-38.207552,146.155186,yellow,64.53900709219859,0.188982,"https://www.google.com/maps/search/?api=1&query=-38.207552,146.155186",65.32156368221942,3.181427343078247,96.81857265692176,99.15730337078652,87.27702557489792,Rising Growth Corridor,#2e7d32,56.55367753514755,89.78955801383714,64.38523569830996
1069,2968,167075450,147,2014-01,2026-04,1136567.69,1997122,2024-02,1997122,0.030996,261181562192,48.454829,Top 25%,147,167075450.0,1136567.6870748298,774621.0,511963.50088034075,1997122.0,193406.0,0.45044699642832087,1.7571518376877036,695155.5,1616510.5833333333,921355.0833333333,132.53942223478535,MILLERS between PRIMULA & CYPRESS,MILLERS BTW PRIMULA & CYPRESS,-37.82363,144.8486,yellow,77.04706640876854,0.247703,"https://www.google.com/maps/search/?api=1&query=-37.82363,144.8486",77.55359394703657,7.4591573516766925,92.5408426483233,94.68452895419188,89.0823124865678,Rising Growth Corridor,#2e7d32,63.45617179962767,89.6677192755632,69.20898093458867
1044,4363,168965124,147,2014-01,2026-04,1149422.61,2184699,2025-03,2184699,0.031347,256980523879,47.675445,Top 25%,147,168965124.0,1149422.612244898,913861.0,507331.48124399415,2184699.0,368259.0,0.4413794159253074,1.900692553570996,923220.0,1859776.9166666667,936556.9166666667,101.44460872453661,High / Burke,HIGH/BURKE,-37.859389,145.051325,yellow,77.58435418009886,0.250505,"https://www.google.com/maps/search/?api=1&query=-37.859389,145.051325",78.07902480033627,7.803095442820296,92.1969045571797,93.1503889369058,91.725768321513,Rising Growth Corridor,#2e7d32,63.52431528827119,89.58870348437884,69.1557937196735
1405,1576,142621761,125,2015-08,2026-04,1140974.09,2413967,2022-03,2413967,0.026459,312854593759,58.041294,Top 50%,125,142621761.0,1140974.088,946510.0,503895.88387862727,2413967.0,0.0,0.4416365710477268,2.115707118495052,471211.6666666667,1498022.25,1026810.5833333333,217.90856550665478,Berwick-Cranbourne / Morison / MacKillop Way,Berwick-Cranbourne/Morison/MacKillop Way,-38.118231,145.322739,yellow,69.82591876208897,0.211449,"https://www.google.com/maps/search/?api=1&query=-38.118231,145.322739",70.49180327868852,7.781599312123822,92.21840068787618,96.49956784788245,94.04685149366,Rising Growth Corridor,#2e7d32,60.015805200886135,89.4316989749081,66.41030501059251
1615,1520,129124931,96,2017-10,2026-04,1345051.36,3276735,2025-10,3276735,0.023955,341367509132,63.331056,Top 50%,96,129124931.0,1345051.3645833333,1098270.0,717473.8261757174,3276735.0,359269.0,0.5334174181504026,2.436141166263237,1109159.5833333333,2874401.1666666665,1765241.5833333333,159.15127181503414,2017-10,2017-10,,,yellow,65.31270148291425,0.191438,https://www.google.com/maps/search/?api=1&query=SCATS%201520%202017-10%20Victoria,66.078184110971,5.417024935511606,94.5829750644884,95.61365600691444,95.91661293788954,Rising Growth Corridor,#2e7d32,56.81998869629484,89.3912668375229,64.1287652980954
230,529,285549909,147,2014-01,2026-04,1942516.39,3596882,2025-06,3596882,0.052976,82556614255,15.316038,Top 5%,147,285549909.0,1942516.387755102,2086069.0,568585.7070300927,3596882.0,462301.0,0.29270574529730853,1.8516610838772847,1199344.4166666667,2815624.9166666665,1616280.4999999998,134.76366567763094,WESTERN PORT Highway / MORETON BAY,WESTERN PORT HWY/MORETON BAY,-38.056439,145.243723,red,95.07844401461423,0.423351,"https://www.google.com/maps/search/?api=1&query=-38.056439,145.243723",95.1870533837747,19.4110060189166,80.5889939810834,94.79256698357823,90.99505695250376,High-Volume Volatile Corridor,#d32f2f,76.16414426252088,89.33058720808316,77.76323772036008
243,4046,281249155,147,2014-01,2026-04,1913259.56,4146753,2025-05,4146753,0.052178,86239886461,15.999364,Top 10%,147,281249155.0,1913259.5578231292,1867436.0,581078.9639637335,4146753.0,785508.0,0.30371151764942667,2.1673760797610218,1925473.1666666667,3474226.5,1548753.3333333333,80.4349476349493,Toorak / Summerhill / Camberwell,TOORAK/SUMMERHILL/CAMBERWELL,-37.848292,145.077237,orange,94.79905437352248,0.416975,"https://www.google.com/maps/search/?api=1&query=-37.848292,145.077237",94.91382934005885,17.927773000859847,82.07222699914016,91.37856525496974,94.41220717816462,High-Volume Volatile Corridor,#d32f2f,74.96026243824129,89.28344597092644,76.88332490406343
1638,5657,128060046,144,2014-01,2026-04,889305.88,1731351,2022-06,1731351,0.023758,344326133922,63.879945,Top 50%,144,128060046.0,889305.875,904110.5,406138.84217044624,1731351.0,1402.0,0.4566919589623157,1.9468565863235752,5716.083333333333,757455.6666666666,751739.5833333333,13151.305526803026,Princes Highway East / BAILEY,PHE/BAILEY,-37.826032,147.632011,yellow,64.81839673329036,0.18986,"https://www.google.com/maps/search/?api=1&query=-37.826032,147.632011",65.59478772593526,7.2441960447119484,92.75580395528806,99.37337942955921,92.34902213625618,Rising Growth Corridor,#2e7d32,57.762858146354226,89.24785607884407,64.75454016481831
1359,1218,145741800,147,2014-01,2026-04,991440.82,1836546,2025-10,1836546,0.027038,306229792310,56.81225,Top 50%,147,145741800.0,991440.8163265307,857515.0,456768.2250736791,1836546.0,26098.0,0.4607115397629975,1.8524010407446594,588699.1666666666,1604313.4166666667,1015614.2500000001,172.51837738290217,Leakes / Morris,LEAKES/MORRIS,-37.836215,144.708802,yellow,70.81452826133678,0.216074,"https://www.google.com/maps/search/?api=1&query=-37.836215,144.708802",71.45859604875999,7.093723129836627,92.90627687016337,95.93777009507347,91.01654846335697,Rising Growth Corridor,#2e7d32,60.26321262829185,89.24272941233477,66.69860839744852
1582,3767,130781349,147,2014-01,2026-04,889669.04,4348557,2018-06,4348557,0.024263,337078799262,62.535408,Top 50%,147,130781349.0,889669.0408163265,778083.0,563486.7283516901,4348557.0,0.0,0.633366681878304,4.8878367128633915,609867.5,1098684.75,488817.25,80.15138534189803,Derrimut / Poplar / Baden Powell,DERRIMUT/POPLAR/BADEN POWELL,-37.841053,144.689636,yellow,66.02192134107028,0.193894,"https://www.google.com/maps/search/?api=1&query=-37.841053,144.689636",66.7717528373266,3.976784178847803,96.02321582115219,91.31374243733794,98.5170857511283,Rising Growth Corridor,#2e7d32,55.98140859270917,89.1341616987392,63.508876473206946
1111,4698,163365838,147,2014-01,2026-04,1111332.23,1798712,2022-08,1798712,0.030308,268116183840,49.741351,Top 25%,147,163365838.0,1111332.231292517,1351317.0,510738.728843364,1798712.0,222402.0,0.4595733971013849,1.618518701565991,648387.0833333334,1510773.5,862386.4166666666,133.00487298932157,Centre / Haughton / Carinish,CENTRE/HAUGHTON/CARINISH,-37.929612,145.127583,yellow,76.14442295293358,0.242203,"https://www.google.com/maps/search/?api=1&query=-37.929612,145.127583",76.67087011349307,7.1582115219260505,92.84178847807395,94.72774416594642,84.76251880507199,Rising Growth Corridor,#2e7d32,62.90408027609199,88.96150106056922,68.80535096035746
413,1220,240317253,147,2014-01,2026-04,1634811.24,2451106,2025-03,2451106,0.044584,130496813534,24.209981,Top 10%,147,240317253.0,1634811.2448979593,1685517.0,584982.185882842,2451106.0,464525.0,0.35782857972655746,1.4993204919831535,1038926.3333333334,2170767.75,1131841.4166666665,108.94337551683964,LOWER HEIDELBERG between CARLSBERG / GLENARD,LOWER HEIDELBERG BTW CARLSBERG/GLENARD,-37.765238,145.067255,orange,91.14549752847626,0.35629,"https://www.google.com/maps/search/?api=1&query=-37.765238,145.067255",91.34089953762084,12.338779019776435,87.66122098022356,93.5609334485739,78.87384483129163,High-Volume Volatile Corridor,#d32f2f,72.03437619035036,88.84896400986833,75.43253043263299
188,2946,297987508,147,2014-01,2026-04,2027125.9,2970527,2025-10,2970527,0.055283,70306731255,13.043419,Top 5%,147,297987508.0,2027125.9047619049,2231310.0,709405.7116846074,2970527.0,562846.0,0.34995641366831154,1.465388505480572,1319375.0833333333,2590979.9166666665,1271604.8333333333,96.3793275617036,BELL near ORIEL & PLUNKETT,BELL NR ORIEL & PLUNKETT,-37.750011,145.04212,red,95.98108747044918,0.441791,"https://www.google.com/maps/search/?api=1&query=-37.750011,145.04212",96.0697772173182,13.349097162510748,86.65090283748926,92.78305963699222,76.35933806146572,High-Volume Volatile Corridor,#d32f2f,74.73226368755115,88.8305900369024,77.45546653331718
961,1211,175398173,147,2014-01,2026-04,1193184.85,2093883,2024-08,2093883,0.03254,242712957790,45.028503,Top 25%,147,175398173.0,1193184.850340136,1021346.0,438036.14107176807,2093883.0,352806.0,0.3671150710192968,1.7548689118899772,674294.3333333334,1633125.5,958831.1666666666,142.19771978903375,Cardinia / Henry / Rix,CARDINIA/HENRY/RIX,-38.074724,145.434937,yellow,79.36814958091554,0.260042,"https://www.google.com/maps/search/?api=1&query=-38.074724,145.434937",79.8234552332913,11.50042992261393,88.49957007738607,95.09507346585998,88.99634644315495,Rising Growth Corridor,#2e7d32,65.7970225521357,88.81751457997461,70.51459104428378
1302,2688,149223023,140,2014-01,2026-04,1065878.74,1888754,2025-10,1888754,0.027684,297849029915,55.257437,Top 50%,140,149223023.0,1065878.7357142856,960741.0,464836.97089450946,1888754.0,0.0,0.4361068058863231,1.7720158369931966,641319.4166666666,1597838.25,956518.8333333334,149.1485846951201,Robinsons / Calarco,ROBINSONS/CALARCO,-37.799442,144.752383,yellow,72.03954437996991,0.221235,"https://www.google.com/maps/search/?api=1&query=-37.799442,144.752383",72.65657839428331,7.953568357695618,92.04643164230438,95.33275713050993,89.42617666021921,Rising Growth Corridor,#2e7d32,61.01606163238172,88.76132039184905,67.15969012141426
254,2185,279123996,147,2014-01,2026-04,1898802.69,3264680,2025-10,3264680,0.051784,89321933211,16.571151,Top 10%,147,279123996.0,1898802.693877551,1752967.0,579039.9587199064,3264680.0,12599.0,0.30495004066875797,1.719336090330263,1445478.5833333333,2854146.0,1408667.4166666667,97.45335786423217,Hume / Craigieburn,HUME/CRAIGIEBURN,-37.597422,144.942999,orange,94.56264775413712,0.413824,"https://www.google.com/maps/search/?api=1&query=-37.597422,144.942999",94.68263976460698,17.77730008598453,82.22269991401548,92.86949006050129,87.87878787878788,High-Volume Volatile Corridor,#d32f2f,75.09367490413024,88.75713812279538,77.06995091047263
549,5820,219490847,146,2014-01,2026-04,1503361.97,5126240,2022-08,5126240,0.04072,161686246873,29.996296,Top 25%,146,219490847.0,1503361.9657534247,976906.0,1140796.3446835717,5126240.0,192524.0,0.7588301225326333,3.409850798926481,929187.6666666666,1066917.25,137729.58333333337,14.822579794609132,Streeturt / Drummond,STURT/DRUMMOND,-37.560922,143.847437,orange,88.22265205243929,0.325413,"https://www.google.com/maps/search/?api=1&query=-37.560922,143.847437",88.48255569567046,2.450558899398103,97.5494411006019,72.42869490060502,97.63593380614657,High-Volume Volatile Corridor,#d32f2f,63.763784337589286,88.21281406544824,69.42541698814262
43,2843,410170343,147,2014-01,2026-04,2790274.44,4268188,2023-05,4268188,0.076095,20557958390,3.813946,Top 1%,147,410170343.0,2790274.4421768705,2278189.0,906754.7451231626,4268188.0,541646.0,0.3249697346672987,1.5296660197590153,2228815.0833333335,3567507.5,1338692.4166666665,60.06296469712362,Monash / Toorak / Auburn,MONASH/TOORAK/AUBURN,-37.844883,145.040855,red,99.09735654416504,0.608111,"https://www.google.com/maps/search/?api=1&query=-37.844883,145.040855",99.11727616645649,15.692175408426479,84.30782459157352,88.95851339671565,80.65764023210832,High-Volume Volatile Corridor,#d32f2f,76.22924842300083,88.11739389417298,78.17908572466987
1550,2776,132361152,147,2014-01,2026-04,900416.0,1758232,2025-10,1758232,0.024556,332869009001,61.754401,Top 50%,147,132361152.0,900416.0,715804.0,430916.7796619426,1758232.0,297564.0,0.47857521374780393,1.95268853507712,744874.1666666666,1535998.8333333333,791124.6666666666,106.20916955772172,CHILDS near BEAUMONT,CHILDS NR BEAUMONT,-37.661218,145.034356,yellow,66.70964968837309,0.196236,"https://www.google.com/maps/search/?api=1&query=-37.661218,145.034356",67.44430432955023,6.599312123817713,93.40068787618229,93.45289541918756,92.43498817966903,Rising Growth Corridor,#2e7d32,57.434774496044575,88.08021847528046,64.370481638326
1210,3169,155128679,147,2014-01,2026-04,1055297.14,1767590,2023-11,1767590,0.02878,283857345357,52.661677,Top 50%,147,155128679.0,1055297.1360544218,919511.0,440180.31836509367,1767590.0,197913.0,0.4171150506584844,1.6749690107268946,684046.8333333334,1487738.75,803691.9166666666,117.49077365804143,Thompsons / Lyndhurst,THOMPSONS/LYNDHURST,-38.078203,145.24385,yellow,74.01676337846551,0.229991,"https://www.google.com/maps/search/?api=1&query=-38.078203,145.24385",74.59016393442623,8.813413585554597,91.1865864144454,93.99308556611928,86.56780571674189,Rising Growth Corridor,#2e7d32,62.02656067354693,88.0164345592882,67.80486156299338
290,258,269818506,147,2014-01,2026-04,1835500.04,3066277,2025-10,3066277,0.050057,99214679158,18.406469,Top 10%,147,269818506.0,1835500.0408163266,1540670.0,566981.9552167503,3066277.0,538924.0,0.30889781673041466,1.6705404150447707,1353000.5,2342216.1666666665,989215.6666666665,73.11273474523227,STH GIPPSLAND Highway / CAMMS RD.,STH GIPPSLAND HWY/CAMMS RD.,-38.098084,145.283225,orange,93.78895336342144,0.400028,"https://www.google.com/maps/search/?api=1&query=-38.098084,145.283225",93.9260193358554,17.4548581255374,82.5451418744626,90.68712186689714,86.39587362991618,High-Volume Volatile Corridor,#d32f2f,74.16044953948426,87.84152112778956,76.27687598079123
1408,303,142535930,147,2014-01,2026-04,969632.18,1637127,2025-10,1637127,0.026443,313282260444,58.120635,Top 50%,147,142535930.0,969632.1768707483,1032144.0,365710.6375381652,1637127.0,0.0,0.3771642961750787,1.6884000335915303,99350.75,1310231.75,1210881.0,1218.7940201759927,Hallam / Coral / Fordholm,HALLAM/CORAL/FORDHOLM,-38.035679,145.267158,yellow,69.76144422952933,0.211321,"https://www.google.com/maps/search/?api=1&query=-38.035679,145.267158",70.42875157629256,10.855546001719695,89.1444539982803,98.2713915298185,87.10509348807221,Rising Growth Corridor,#2e7d32,61.103978173354534,87.833490696813,66.88999381538133
929,3870,179728317,147,2014-01,2026-04,1222641.61,1997645,2019-08,1997645,0.033343,237040737800,43.976184,Top 25%,147,179728317.0,1222641.612244898,1225938.0,444258.69962096424,1997645.0,348878.0,0.36335970833289305,1.6338761743370689,782737.0833333334,1600088.5,817351.4166666666,104.42221712377876,ST GEORGES near BRUCE,ST GEORGES NR BRUCE,-37.743004,144.998004,orange,80.05587792821835,0.266462,"https://www.google.com/maps/search/?api=1&query=-37.743004,144.998004",80.49600672551492,11.7798796216681,88.2201203783319,93.32324978392394,85.34278959810875,Rising Growth Corridor,#2e7d32,65.88242356123503,87.77463685241264,70.4768469643499
842,3177,187486409,147,2014-01,2026-04,1275417.75,2140349,2024-08,2140349,0.034783,221070466377,41.013353,Top 25%,147,187486409.0,1275417.7482993198,1297435.0,515195.7936954163,2140349.0,0.0,0.4039427821844206,1.6781552576432353,1075620.6666666667,1691754.3333333333,616133.6666666665,57.281687286286164,Berwick-Cranbourne / Glasscocks / Grices,BERWICK-CRANBOURNE/GLASSCOCKS/GRICES,-38.074511,145.335344,orange,81.92563937244788,0.277964,"https://www.google.com/maps/search/?api=1&query=-38.074511,145.335344",82.3245060949979,9.286328460877048,90.71367153912296,88.48314606741573,86.65377176015474,Rising Growth Corridor,#2e7d32,65.29668968095126,87.75769584194055,70.20697337927605
666,3206,205321556,147,2014-01,2026-04,1396745.28,2268801,2022-03,2268801,0.038092,186440040466,34.58866,Top 25%,147,205321556.0,1396745.2789115647,1433544.0,598846.701994997,2268801.0,101967.0,0.42874438957234745,1.6243484293485482,929089.0833333334,1329858.5833333333,400769.4999999999,43.135745235768105,Clayton / Haughton / Carinish,CLAYTON/HAUGHTON/CARINISH,-37.924401,145.119875,orange,85.70814528261337,0.304406,"https://www.google.com/maps/search/?api=1&query=-37.924401,145.119875",86.02353930222783,8.40498710232158,91.59501289767842,85.52290406222991,84.97743391360413,High-Volume Volatile Corridor,#d32f2f,66.51877420425168,87.66644868034261,71.23542285356459
2410,6289,95310792,147,2014-01,2026-04,648372.73,3841766,2026-03,3841766,0.017682,430091617666,79.791297,Bottom 50%,147,95310792.0,648372.7346938775,574752.0,495844.32566167496,3841766.0,299013.0,0.7647519692446394,5.925242988223202,596363.5,1617555.25,1021191.75,171.23646064858093,Myrtle / Hargreaves,MYRTLE/HARGREAVES,-36.765315,144.272996,green,48.226950354609926,0.141306,"https://www.google.com/maps/search/?api=1&query=-36.765315,144.272996",49.36948297604035,2.3860705073086796,97.61392949269133,95.9161624891962,98.71050934880722,Event / Disruption Sensitive Site,#f57c00,46.9329657614886,87.62019706672997,56.51880336242283
1339,3147,146595213,147,2014-01,2026-04,997246.35,1739222,2025-10,1739222,0.027197,303307654688,56.27013,Top 50%,147,146595213.0,997246.3469387755,883680.0,451282.48630242306,1739222.0,63868.0,0.45252859304796117,1.744024438233191,830784.5833333334,1509384.5,678599.9166666666,81.68181382759168,Lower Dandenong / Woodlands,LOWER DANDENONG/WOODLANDS,-37.987674,145.117885,yellow,71.24435847840103,0.217339,"https://www.google.com/maps/search/?api=1&query=-37.987674,145.117885",71.87894073139974,7.3731728288907945,92.6268271711092,91.50821089023337,88.80292284547605,Rising Growth Corridor,#2e7d32,59.67835278753924,87.56807935005959,66.01582414862109
36,2628,418491452,147,2014-01,2026-04,2846880.63,6187828,2019-07,6187828,0.077639,17663872561,3.27703,Top 1%,147,418491452.0,2846880.6258503404,2774943.0,900421.9600537466,6187828.0,586911.0,0.31628370781609355,2.173546703649278,2216465.0,2872423.5,655958.5,29.594805241679882,Wrr / Sunshine / Mcintyre,WRR/SUNSHINE/MCINTYRE,-37.751576,144.832732,red,99.24779712013756,0.620448,"https://www.google.com/maps/search/?api=1&query=-37.751576,144.832732",99.26439680538041,16.573516766981943,83.42648323301806,81.05012964563527,94.43369868901785,High-Volume Volatile Corridor,#d32f2f,74.94882336383178,87.53224218967567,76.70768032989733
817,3345,190635570,147,2014-01,2026-04,1296840.61,6541703,2020-04,6541703,0.035367,216347729408,40.137183,Top 25%,147,190635570.0,1296840.612244898,1185618.0,702175.7766346681,6541703.0,328590.0,0.5414511004703698,5.044338477861188,1211922.3333333333,1465861.0833333333,253938.75,20.953384801611325,Grimshaw / Henry / The Circuit,GRIMSHAW/HENRY/THE CIRCUIT,-37.704362,145.10068,orange,82.4629271437782,0.282633,"https://www.google.com/maps/search/?api=1&query=-37.704362,145.10068",82.84993694829761,5.266552020636284,94.73344797936372,76.70700086430423,98.56006877283473,Event / Disruption Sensitive Site,#f57c00,62.22550349958361,87.52280475765329,67.88719940062659
1604,3175,129668707,147,2014-01,2026-04,882100.05,1433432,2026-03,1433432,0.024056,339944585538,63.067073,Top 50%,147,129668707.0,882100.0476190476,983641.0,388382.84977189207,1433432.0,0.0,0.44029342342765965,1.6250220186124014,232304.08333333334,1267711.3333333333,1035407.2499999999,445.7120318949767,Narre Warren-Cranbourne / Glasscocks,NARRE WARREN-CRANBOURNE/GLASSCOCKS,-38.0718,145.297834,yellow,65.54910810229958,0.192245,"https://www.google.com/maps/search/?api=1&query=-38.0718,145.297834",66.30937368642287,7.86758383490972,92.13241616509028,97.47191011235955,85.02041693531055,Rising Growth Corridor,#2e7d32,57.93143350873192,87.50285596907062,64.72697937310768
159,3556,315643064,147,2014-01,2026-04,2147231.73,3149458,2015-10,3149458,0.058559,61432702044,11.397095,Top 5%,147,315643064.0,2147231.7278911564,2336946.0,634922.6670011745,3149458.0,463973.0,0.29569359410721174,1.4667527305462984,995722.1666666666,2233471.4166666665,1237749.25,124.30668829474354,NORTH near DALMOR,NORTH NR DALMOR,-37.903702,145.038116,red,96.60434128519236,0.467967,"https://www.google.com/maps/search/?api=1&query=-37.903702,145.038116",96.67927700714586,18.93809114359415,81.06190885640585,94.31719965427831,76.46679561573178,High-Volume Volatile Corridor,#d32f2f,76.77156507068443,87.47270273981448,78.316019141251
18,3376,488890200,147,2014-01,2026-04,3325783.67,4534060,2025-10,4534060,0.0907,9541555014,1.770165,Top 1%,147,488890200.0,3325783.673469388,3906735.0,1124143.4676529677,4534060.0,59.0,0.3380085952735118,1.363305748407311,2194119.0833333335,4029919.0,1835799.9166666665,83.66911033277628,HODDLE near STUDLEY (NORTHBOUND),HODDLE NR STUDLEY (NORTHBOUND),-37.8024,144.99245,red,99.63464431549538,0.72482,"https://www.google.com/maps/search/?api=1&query=-37.8024,144.99245",99.6427070197562,14.423903697334485,85.57609630266552,91.74589455488332,66.30131098216204,High-Volume Volatile Corridor,#d32f2f,76.75864369617621,87.34914012367348,78.90959225473368
733,2442,198994822,147,2014-01,2026-04,1353706.27,1970504,2019-10,1970504,0.036918,199998102309,37.103974,Top 25%,147,198994822.0,1353706.2721088436,1633634.0,491249.7708827596,1970504.0,355061.0,0.36289243907947344,1.4556363079638324,776885.1666666666,1693653.9166666667,916768.7500000001,118.00569625154813,Koornang / Arawatta,KOORNANG/ARAWATTA,-37.885197,145.057825,orange,84.2682140554481,0.295026,"https://www.google.com/maps/search/?api=1&query=-37.885197,145.057825",84.61538461538461,11.844368013757522,88.15563198624248,94.05790838375108,75.45669460563079,Rising Growth Corridor,#2e7d32,68.31113521865115,87.31342482423173,72.48072315436119
268,5313,276277186,147,2014-01,2026-04,1879436.64,2742628,2025-10,2742628,0.051255,93202718067,17.29112,Top 10%,147,276277186.0,1879436.6394557822,1897298.0,589988.1704324513,2742628.0,544805.0,0.3139175634052185,1.4592819690873788,1279924.1666666667,2449118.3333333335,1169194.1666666667,91.34870620590152,Derrimut / Hogans,DERRIMUT/HOGANS,-37.862917,144.685453,orange,94.26176660219213,0.409604,"https://www.google.com/maps/search/?api=1&query=-37.862917,144.685453",94.38839848675914,16.80997420464316,83.19002579535683,92.48055315471045,75.86503331184183,High-Volume Volatile Corridor,#d32f2f,74.61222334982043,87.11810966891612,76.81138866021587
1523,1343,134858876,145,2014-01,2026-04,930061.21,1565570,2026-03,1565570,0.025019,329267492033,61.086241,Top 50%,145,134858876.0,930061.2137931035,724400.0,371324.3279532503,1565570.0,243120.0,0.399247191955102,1.6832978053294765,581098.0,1398222.5,817124.5,140.61733132793438,DERRIMUT RD between INVERELL AND RIPPLESIDE,DERRIMUT RD BTW INVERELL AND RIPPLESIDE,-37.845195,144.688794,yellow,67.28992048140985,0.199939,"https://www.google.com/maps/search/?api=1&query=-37.845195,144.688794",68.01176965111392,9.522785898538267,90.47721410146174,95.03025064822818,86.86868686868688,Rising Growth Corridor,#2e7d32,58.793219912392864,86.80875709050588,65.08748576757382
2980,3945,73055453,147,2014-01,2026-04,496975.87,1732325,2025-10,1732325,0.013553,477844338111,88.65046,Bottom 50%,147,73055453.0,496975.87074829935,178.0,693900.276491912,1732325.0,16.0,1.3962454061343108,3.485732611910571,41.083333333333336,1502401.0833333333,1502360.0,3656860.0405679513,Plenty / Findon,PLENTY / FINDON,-37.648,145.091183,green,35.97678916827853,0.108311,"https://www.google.com/maps/search/?api=1&query=-37.648,145.091183",37.38965952080706,1.2897678417884806,98.71023215821153,99.89196197061365,97.70040833870621,Event / Disruption Sensitive Site,#f57c00,40.86514709101374,86.64916300152547,51.86822757057533
1631,4641,128518250,147,2014-01,2026-04,874273.81,1568238,2023-10,1568238,0.023843,343428016041,63.713325,Top 50%,147,128518250.0,874273.8095238095,622856.0,366574.4542360294,1568238.0,128340.0,0.419290215768549,1.793760699355928,598358.5833333334,1224625.1666666667,626266.5833333334,104.66409286627598,Balcombe / Swanston,BALCOMBE/SWANSTON,-37.981363,145.065587,yellow,64.96883730926284,0.190539,"https://www.google.com/maps/search/?api=1&query=-37.981363,145.065587",65.74190836485919,8.7274290627687,91.27257093723131,93.38807260155575,89.81302385557704,Rising Growth Corridor,#2e7d32,57.01752138667588,86.58215685980608,63.69784473763622
1739,6336,122837261,147,2014-01,2026-04,835627.63,2310185,2025-12,2310185,0.022789,356975892507,66.226749,Top 50%,147,122837261.0,835627.6258503401,786505.0,316165.71856561623,2310185.0,6235.0,0.3783571878010662,2.7646106094794805,545730.0833333334,1156857.0,611126.9166666666,111.98336601381543,MIDLAND Highway / YOUNG / MORRELL,MIDLAND HWY/YOUNG/MORRELL,-36.394766,145.359431,yellow,62.64775413711584,0.182116,"https://www.google.com/maps/search/?api=1&query=-36.394766,145.359431",63.472047078604454,10.748065348237311,89.25193465176268,93.71218668971478,96.90522243713733,Rising Growth Corridor,#2e7d32,56.33907956823474,86.58202591632285,62.84226179072682
2582,2669,88150236,120,2014-01,2024-10,734585.3,1437966,2021-12,1437966,0.016354,445868456560,82.718242,Bottom 50%,120,88150236.0,734585.3,910974.5,545382.2014383501,1437966.0,284.0,0.7424354958346567,1.9575207943856212,75165.08333333333,941774.0,866608.9166666666,1152.9408047397894,HIGH near COBURNS,HIGH NR COBURNS,-37.684381,144.56714,green,44.530410487857296,0.13069,"https://www.google.com/maps/search/?api=1&query=-37.684381,144.56714",45.75451870533838,2.62252794496991,97.3774720550301,98.24978392394122,92.47797120137545,Event / Disruption Sensitive Site,#f57c00,45.47057405896683,86.57964981771688,55.37061659943901
2167,5325,105441248,137,2014-11,2026-04,769644.15,1466580,2025-10,1466580,0.019562,405687751532,75.263852,Top 50%,137,105441248.0,769644.1459854015,687628.0,381399.2300057109,1466580.0,55858.0,0.49555269405368185,1.9055299876572023,380990.9166666667,1267961.5,886970.5833333333,232.80622831996646,Leakes / Sunset Views / Tarneit Streetation,LEAKES/ SUNSET VIEWS / TARNEIT STATION,-37.83502,144.69547,yellow,53.44938749194068,0.156325,"https://www.google.com/maps/search/?api=1&query=-37.83502,144.69547",54.476670870113495,6.147893379191749,93.85210662080826,96.73725151253241,91.83322587577906,Event / Disruption Sensitive Site,#f57c00,50.84659262586685,86.53973082643216,59.16934686301714
190,4441,297423495,147,2014-01,2026-04,2023289.08,5761286,2017-02,5761286,0.055178,70901822880,13.153822,Top 5%,147,297423495.0,2023289.081632653,2102419.0,624915.0834114972,5761286.0,432488.0,0.30886099721708293,2.8474853407260245,1695575.9166666667,2124098.6666666665,428522.74999999977,25.272991069750084,Victoria / Brunswick / Gisborne,VICTORIA/BRUNSWICK/GISBORNE,-37.808526,144.976752,red,95.93810444874276,0.440955,"https://www.google.com/maps/search/?api=1&query=-37.808526,144.976752",96.02774274905423,17.476354256233872,82.52364574376612,79.29991356957649,97.09864603481626,High-Volume Volatile Corridor,#d32f2f,73.0443297899536,86.44359553622436,74.94628466380139
1876,5282,117095467,132,2014-01,2026-04,887086.87,1354767,2025-10,1354767,0.021724,373376876883,69.269486,Top 50%,132,117095467.0,887086.8712121212,1003431.0,401306.4828048281,1354767.0,0.0,0.45238690350188626,1.5272089396936261,8721.666666666666,1200347.4166666667,1191625.75,13662.821517294096,Hogans / Tarneit,HOGANS/TARNEIT,-37.860875,144.667022,yellow,59.70341715022565,0.173604,"https://www.google.com/maps/search/?api=1&query=-37.860875,144.667022",60.592686002522065,7.394668959587269,92.60533104041274,99.39498703543647,80.39974210186976,Rising Growth Corridor,#2e7d32,55.05364194837126,86.40886049056026,62.51543955620159
469,3055,230663736,147,2014-01,2026-04,1569141.06,2409719,2024-10,2409719,0.042793,143674141878,26.654661,Top 10%,147,230663736.0,1569141.0612244897,1299221.0,512079.0806369553,2409719.0,434883.0,0.32634356036630063,1.535693035857184,1301038.9166666667,2075253.8333333333,774214.9166666665,59.50743722949101,Bell / Elm,BELL/ELM,-37.741528,144.968687,orange,89.94197292069632,0.341978,"https://www.google.com/maps/search/?api=1&query=-37.741528,144.968687",90.1639344262295,15.584694754944106,84.41530524505589,88.80726015557477,80.9585213840533,High-Volume Volatile Corridor,#d32f2f,71.24778965427721,86.36409997529589,74.11445726066543
1127,4028,162233406,147,2014-01,2026-04,1103628.61,1747741,2019-11,1747741,0.030098,270719983589,50.224412,Top 25%,147,162233406.0,1103628.612244898,1266122.0,418377.76676660165,1747741.0,283560.0,0.37909289603825763,1.583631468601479,755029.3333333334,1290892.9166666667,535863.5833333334,70.97255161830357,HOLMES near DONALD,HOLMES NR DONALD,-37.759346,144.974411,yellow,75.80055877928218,0.240524,"https://www.google.com/maps/search/?api=1&query=-37.759346,144.974411",76.33459436738124,10.683576956147888,89.31642304385211,90.34140017286084,83.30109606705352,Rising Growth Corridor,#2e7d32,62.723201175668834,86.12525140074077,67.95302634770113
522,4460,223550235,147,2014-01,2026-04,1520749.9,2121830,2023-08,2121830,0.041473,155707733358,28.887152,Top 25%,147,223550235.0,1520749.8979591837,1799040.0,507891.1538689015,2121830.0,408103.0,0.3339741495629764,1.395252436214169,910805.75,1863267.75,952462.0,104.5735602789069,Flemington / Church,FLEMINGTON/CHURCH,-37.788467,144.941002,orange,88.80292284547605,0.331432,"https://www.google.com/maps/search/?api=1&query=-37.788467,144.941002",89.05002101723413,14.875322441960448,85.12467755803955,93.3448573898012,70.08381689232753,High-Volume Volatile Corridor,#d32f2f,71.36531364792913,86.11967109955015,74.48524705781362
438,3510,235818688,147,2014-01,2026-04,1604208.76,3881494,2016-02,3881494,0.043749,136446996836,25.313869,Top 10%,147,235818688.0,1604208.761904762,1446696.0,511831.8543050378,3881494.0,501930.0,0.31905564067441744,2.419569131009668,1575043.0,2037062.6666666667,462019.66666666674,29.333781151795012,Mt Alexander / Puckle / Dean,MT ALEXANDER/PUCKLE/DEAN,-37.767159,144.924843,orange,90.60820975714591,0.349621,"https://www.google.com/maps/search/?api=1&query=-37.767159,144.924843",90.81546868432115,16.401547721410147,83.59845227858985,80.94209161624892,95.83064689447667,High-Volume Volatile Corridor,#d32f2f,70.23731302997896,86.07977655341685,72.8754566172648
2180,4852,105022017,147,2014-01,2026-04,714435.49,1344621,2019-10,1344621,0.019484,407055528673,75.517605,Top 50%,147,105022017.0,714435.4897959183,733238.0,408016.4735906305,1344621.0,151602.0,0.5711033108212222,1.8820747558104889,327593.9166666667,700531.0833333334,372937.1666666667,113.84129792804964,CARLISLE near WOODSTOCK,CARLISLE NR WOODSTOCK,-37.868673,144.992749,yellow,53.16999785084892,0.155704,"https://www.google.com/maps/search/?api=1&query=-37.868673,144.992749",54.20344682639765,4.707652622527947,95.29234737747205,93.82022471910112,91.44637868042123,Event / Disruption Sensitive Site,#f57c00,49.75285385397092,86.05603516518826,58.39097864682556
1437,143,140741199,147,2014-01,2026-04,957423.12,1600934,2024-03,1600934,0.026111,317386284609,58.88202,Top 50%,147,140741199.0,957423.1224489796,749729.0,383857.9809303567,1600934.0,41688.0,0.40092825411244676,1.6721279886211569,767184.0833333334,1388126.6666666667,620942.5833333334,80.93788659371083,Maroondah Hwy & Carpark Access & William St East & William St West,Maroondah Hwy & Carpark Access & William St East & William St West,-37.756955,145.34733,yellow,69.13819041478617,0.20866,"https://www.google.com/maps/search/?api=1&query=-37.756955,145.34733",69.8192517864649,9.479793637145317,90.52020636285468,91.42178046672429,86.46034816247582,Rising Growth Corridor,#2e7d32,59.05489298518688,86.04150894868077,65.17700907911133
3054,4469,70537198,147,2014-01,2026-04,479844.88,2543780,2024-11,2543780,0.013086,483155639606,89.635821,Bottom 50%,147,70537198.0,479844.8843537415,226905.0,706330.7151421732,2543780.0,15219.0,1.4719980105518151,5.30125480742799,236559.5,2190222.3333333335,1953662.8333333335,825.8653037960148,RACECOURSE near CROWN,RACECOURSE NR CROWN,-37.787419,144.922122,green,34.38641736514077,0.104577,"https://www.google.com/maps/search/?api=1&query=-37.787419,144.922122",35.83438419503993,1.2467755803955316,98.75322441960446,98.01210025929127,98.60305179454116,Event / Disruption Sensitive Site,#f57c00,39.623025254229105,85.92459323283809,50.790231718646
1239,4466,153147326,147,2014-01,2026-04,1041818.54,2031291,2025-10,2031291,0.028412,288329886666,53.49143,Top 50%,147,153147326.0,1041818.5442176871,941459.0,361373.2416744745,2031291.0,360842.0,0.34686773784184616,1.9497550809342894,1032197.3333333334,1741825.0833333333,709627.7499999999,68.74923302779312,Flemington / Grattan / Wreckyn,FLEMINGTON/GRATTAN/WRECKYN,-37.799652,144.955034,yellow,73.39350956372232,0.227054,"https://www.google.com/maps/search/?api=1&query=-37.799652,144.955034",73.98066414459858,13.65004299226139,86.34995700773861,90.06050129645635,92.41349666881582,Rising Growth Corridor,#2e7d32,62.113976286885844,85.8987926708875,66.9859012739737
493,4676,227175147,147,2014-01,2026-04,1545409.16,2938017,2024-07,2938017,0.042146,149169071263,27.674089,Top 25%,147,227175147.0,1545409.163265306,1421274.0,439671.33782530844,2938017.0,446308.0,0.28450157296616757,1.9011256499814218,1199829.1666666667,1861164.0,661334.8333333333,55.11908292499973,ST GEORGES near WESTBOURNE,ST GEORGES NR WESTBOURNE,-37.77383,144.990481,orange,89.42617666021921,0.336806,"https://www.google.com/maps/search/?api=1&query=-37.77383,144.990481",89.65952080706178,20.65778159931212,79.34221840068788,88.00777873811582,91.74725983236621,High-Volume Volatile Corridor,#d32f2f,72.07873759133518,85.86610319794279,73.98122919076658
639,2830,207909029,147,2014-01,2026-04,1414347.14,2898576,2026-03,2898576,0.038572,180861039849,33.553635,Top 25%,147,207909029.0,1414347.1360544218,1423753.0,416879.8523826713,2898576.0,400886.0,0.2947507311010177,2.049409176933821,1110823.5833333333,1670603.9166666667,559780.3333333335,50.39327051857846,Doncaster / High,DONCASTER/HIGH,-37.788378,145.104518,orange,86.28841607565012,0.308242,"https://www.google.com/maps/search/?api=1&query=-37.788378,145.104518",86.5910046237915,19.045571797076523,80.95442820292348,87.14347450302506,93.61702127659575,High-Volume Volatile Corridor,#d32f2f,69.81514039295948,85.8378463381784,72.34692557116503
2957,4254,73554829,147,2014-01,2026-04,500372.99,2763087,2025-07,2763087,0.013646,476158919526,88.337778,Bottom 50%,147,73554829.0,500372.9863945578,394452.0,419105.74659188616,2763087.0,61365.0,0.8375866763147157,5.52205469745569,370979.4166666667,1603442.1666666667,1232462.75,332.2186338729934,Francis / Wembley,FRANCIS/WEMBLEY,-37.819346,144.874072,green,36.47109391790243,0.109051,"https://www.google.com/maps/search/?api=1&query=-37.819346,144.874072",37.87305590584279,2.1066208082545113,97.8933791917455,97.19101123595506,98.6675263271008,Event / Disruption Sensitive Site,#f57c00,40.79503819746817,85.7947262181311,51.58640844523299
843,4661,187458784,147,2014-01,2026-04,1275229.82,2425012,2025-07,2425012,0.034778,221257925161,41.048131,Top 25%,147,187458784.0,1275229.8231292516,1146960.0,373715.2701667833,2425012.0,403847.0,0.2930571912517962,1.9016274212042261,1031563.4166666666,1772092.6666666667,740529.2500000001,71.78707949850556,Clarendon / High / Normanby,CLARENDON/HIGH/NORMANBY,-37.759559,145.000439,orange,81.90414786159467,0.277923,"https://www.google.com/maps/search/?api=1&query=-37.759559,145.000439",82.30348886086591,19.346517626827175,80.65348237317282,90.47104580812446,91.79024285407264,Rising Growth Corridor,#2e7d32,68.19775744180794,85.5992667733319,71.09810503035591
2191,4385,104402723,147,2014-01,2026-04,710222.61,1609721,2024-10,1609721,0.019369,408206390623,75.731114,Top 50%,147,104402723.0,710222.6054421769,642910.0,340729.5225708967,1609721.0,58656.0,0.4797503204770034,2.266502062403104,677186.4166666666,1312153.4166666667,634967.0000000001,93.7654661068832,Royal / Melbourne Hospital Ent,ROYAL/MELBOURNE HOSPITAL ENT,-37.798107,144.957761,yellow,52.93359123146357,0.154786,"https://www.google.com/maps/search/?api=1&query=-37.798107,144.957761",53.97225725094577,6.556319862424765,93.44368013757524,92.6534140017286,95.05695250376101,Event / Disruption Sensitive Site,#f57c00,49.85450425397209,85.55430657442321,58.14601455639256
590,548,213204093,147,2014-01,2026-04,1450367.98,2273105,2025-03,2273105,0.039554,170547832498,31.640312,Top 25%,147,213204093.0,1450367.9795918367,1254106.0,417012.5580008561,2273105.0,427849.0,0.28752190055809973,1.567260882744873,1029743.0,1953910.25,924167.25,89.74736900372228,Thompsons / Rosebank / Springhill,THOMPSONS/ROSEBANK/SPRINGHILL,-38.083073,145.283213,orange,87.34150010745756,0.316093,"https://www.google.com/maps/search/?api=1&query=-38.083073,145.283213",87.62084909625894,20.206362854686155,79.79363714531385,92.22126188418324,82.6133677197507,High-Volume Volatile Corridor,#d32f2f,71.6873100934506,85.51032654332921,73.88395261288748
2197,223,104123433,147,2014-01,2026-04,708322.67,1230420,2025-01,1230420,0.019317,408831643394,75.847112,Top 50%,147,104123433.0,708322.6734693878,541730.0,341009.35685286944,1230420.0,66814.0,0.4814322195597585,1.7370896712558448,401659.0833333333,1070031.0,668371.9166666667,166.40278893232218,Streetation / Mcleod,STATION/MCLEOD,-38.076361,145.123194,yellow,52.80464216634429,0.154372,"https://www.google.com/maps/search/?api=1&query=-38.076361,145.123194",53.84615384615385,6.513327601031815,93.48667239896818,95.72169403630078,88.5665162260907,Event / Disruption Sensitive Site,#f57c00,50.38805532290273,85.49105175367347,58.700774418080975
930,4210,179672841,147,2014-01,2026-04,1222264.22,1792479,2021-12,1792479,0.033333,237220410641,44.009517,Top 25%,147,179672841.0,1222264.224489796,1281306.0,429194.6573909585,1792479.0,327950.0,0.3511471977919629,1.4665233294774918,834535.5,1515907.0,681371.5,81.64679633161201,ST GEORGES near CLAUSCEN,ST GEORGES NR CLAUSCEN,-37.77811,144.988316,orange,80.03438641736514,0.26638,"https://www.google.com/maps/search/?api=1&query=-37.77811,144.988316",80.47498949138293,13.177128116938952,86.82287188306105,91.4866032843561,76.44530410487857,Rising Growth Corridor,#2e7d32,65.85284690636657,85.39577965838656,70.16992233384049
436,2824,235922440,146,2014-01,2026-04,1615907.12,2356764,2025-03,2356764,0.043769,135975315221,25.226362,Top 10%,146,235922440.0,1615907.1232876712,1720358.0,518381.2595056203,2356764.0,0.0,0.320798919712006,1.4584773877381059,1234176.5833333333,1930073.1666666667,695896.5833333335,56.38549561958281,CHANDLER Highway / YARRA BLVD / GUIDE DOG ACCESS,CHANDLER HWY /YARRA BLVD/GUIDE DOG ACCESS,-37.788835,145.025713,orange,90.65119277885236,0.349774,"https://www.google.com/maps/search/?api=1&query=-37.788835,145.025713",90.85750315258511,16.143594153052454,83.85640584694755,88.31028522039757,75.73608424672254,High-Volume Volatile Corridor,#d32f2f,71.66958231626444,85.37474088007632,74.35511317039544
2125,1713,106883521,104,2017-04,2026-04,1027726.16,1693761,2025-10,1693761,0.019829,401229980709,74.436839,Top 50%,104,106883521.0,1027726.1634615385,1197635.0,504295.4025152536,1693761.0,0.0,0.49069043918927757,1.6480664404758896,583720.5,1448580.3333333333,864859.8333333333,148.16334758387504,Leakes Rd / Bolivar Esp / Prosperity St,Leakes Rd / Bolivar Esp / Prosperity St,-37.838845,144.739887,yellow,54.35203094777563,0.158464,"https://www.google.com/maps/search/?api=1&query=-37.838845,144.739887",55.359394703656996,6.276870163370596,93.7231298366294,95.31114952463267,85.79411132602623,Event / Disruption Sensitive Site,#f57c00,51.07911453278054,85.33743593984542,59.287801029740706
2381,1554,96442708,95,2016-06,2026-04,1015186.4,1761472,2025-10,1761472,0.017892,427312924602,79.27579,Bottom 50%,95,96442708.0,1015186.4,1135733.0,544459.5117040072,1761472.0,0.0,0.5363148203167489,1.735121747099843,536274.4166666666,1527853.25,991578.8333333334,184.9013867744639,Leakes Road / Forsyth Road,Leakes Road  /Forsyth Road,-37.838016,144.730538,green,48.85020416935311,0.142984,"https://www.google.com/maps/search/?api=1&query=-37.838016,144.730538",49.97898276586801,5.374032674118656,94.62596732588135,96.19706136560069,88.50204169353105,Event / Disruption Sensitive Site,#f57c00,48.07136096287721,85.24930978094194,56.998656151466676
1019,2898,170680952,147,2014-01,2026-04,1161094.91,2574344,2017-11,2574344,0.031665,252734941835,46.887798,Top 25%,147,170680952.0,1161094.9115646258,1225179.0,345150.17055720865,2574344.0,119487.0,0.2972626674352606,2.2171693066253813,808524.1666666666,1341717.8333333333,533193.6666666666,65.94653427180593,Todd Off Ramp / Prohasky / Service Centre,TODD OFF RAMP/PROHASKY/SERVICE CENTRE,-37.831828,144.918401,yellow,78.12164195142918,0.253049,"https://www.google.com/maps/search/?api=1&query=-37.831828,144.918401",78.60445565363598,18.787618228718827,81.21238177128117,89.62834917891098,94.75607135181603,Rising Growth Corridor,#2e7d32,65.8550250024617,85.2471402071213,69.23705579135434
633,2502,208380484,147,2014-01,2026-04,1417554.31,2422315,2023-03,2422315,0.038659,179612010096,33.321913,Top 25%,147,208380484.0,1417554.3129251702,1261793.0,433761.98290707386,2422315.0,395881.0,0.3059932017786265,1.7087987232048083,1196498.8333333333,1759253.5833333333,562754.75,47.03345580640628,Smithfield / Gatehouse / Streetables,SMITHFIELD/GATEHOUSE/STABLES,-37.791072,144.91982,orange,86.41736514076939,0.308941,"https://www.google.com/maps/search/?api=1&query=-37.791072,144.91982",86.71710802858344,17.669819432502155,82.33018056749785,86.45203111495246,87.62088974854933,High-Volume Volatile Corridor,#d32f2f,69.40227049683693,85.23772760110907,72.19659580747815
2811,1168,79569206,114,2014-01,2026-04,697975.49,1259560,2024-05,1259560,0.014762,464999856347,86.267531,Bottom 50%,114,79569206.0,697975.4912280702,857279.5,455750.32497593225,1259560.0,1254.0,0.6529603556337645,1.8045905849556925,10103.666666666666,971806.1666666666,961702.5,9518.351423575601,AQUEDUCT RD near ERINNE CT,AQUEDUCT RD NR ERINNE CT,-37.684631,145.136852,green,39.60885450247152,0.117968,"https://www.google.com/maps/search/?api=1&query=-37.684631,145.136852",40.94157208911307,3.6543422184006857,96.34565778159931,99.26534140017286,90.02793896410918,Event / Disruption Sensitive Site,#f57c00,43.284518483646934,85.1930879060506,53.4594928310555
1558,3084,131880783,147,2014-01,2026-04,897148.18,1347851,2021-03,1347851,0.024467,333926672810,61.95062,Top 50%,147,131880783.0,897148.1836734693,1001853.0,354766.1995532249,1347851.0,255487.0,0.39543768355033243,1.502372767986978,528989.5,1174069.3333333333,645079.8333333333,121.94567819083994,ST GEORGES near SHOWER,ST GEORGES NR SHOWER,-37.747032,144.996908,yellow,66.53771760154739,0.195524,"https://www.google.com/maps/search/?api=1&query=-37.747032,144.996908",67.27616645649432,9.759243336199486,90.24075666380051,94.16594641313742,78.98130238555771,Rising Growth Corridor,#2e7d32,58.27489166774923,85.13647740540392,64.59542635485991
2848,2193,77960342,147,2014-01,2026-04,530342.46,1250645,2022-03,1250645,0.014463,467913491632,86.808073,Bottom 50%,147,77960342.0,530342.462585034,481221.0,310582.5492704516,1250645.0,107717.0,0.5856264040344562,2.3581837929854133,122579.0,933019.4166666666,810440.4166666666,661.1576343963213,DONNYBROOK / HUME Freeway NB RAMPS,DONNYBROOK/HUME FWY NB RAMPS,-37.539477,144.945481,green,38.813668600902645,0.115583,"https://www.google.com/maps/search/?api=1&query=-37.539477,144.945481",40.16393442622951,4.557179707652626,95.44282029234738,97.8608470181504,95.59424027509134,Event / Disruption Sensitive Site,#f57c00,42.801628264969466,85.1351641342763,52.87379888081599
712,3344,201454286,147,2014-01,2026-04,1370437.32,2657953,2023-11,2657953,0.037374,195792240862,36.323695,Top 25%,147,201454286.0,1370437.3197278911,1123513.0,537677.1156724283,2657953.0,153019.0,0.3923398085650407,1.9394925705378143,1054638.6666666667,1245499.1666666667,190860.5,18.09724088755833,Grimshaw Street / Greensborough Road,GRIMSHAW ST/GREENSBOROUGH RD,-37.703442,145.092276,orange,84.71953578336557,0.298673,"https://www.google.com/maps/search/?api=1&query=-37.703442,145.092276",85.05674653215637,9.952708512467757,90.04729148753225,74.80553154710458,92.26305609284333,High-Volume Volatile Corridor,#d32f2f,64.23049403022387,84.80901920512542,68.73427767451467
1084,2872,165861947,147,2014-01,2026-04,1128312.56,1805615,2014-01,1805615,0.030771,263677258110,48.917834,Top 25%,147,165861947.0,1128312.5646258504,1270338.0,396282.6254905531,1805615.0,301688.0,0.3512170633515553,1.6002790863174903,932174.75,1419975.6666666667,487800.91666666674,52.32934239708453,MICKLEHAM near TANGEMERE,MICKLEHAM NR TANGEMERE,-37.698616,144.880492,yellow,76.72469374597034,0.245904,"https://www.google.com/maps/search/?api=1&query=-37.698616,144.880492",77.23833543505675,13.155631986242478,86.84436801375752,87.59723422644771,84.03180743606275,Rising Growth Corridor,#2e7d32,63.289439331131376,84.7271372751702,67.9344793903772
1676,3655,125957774,147,2014-01,2026-04,856855.61,1493351,2025-10,1493351,0.023368,349150056265,64.774887,Top 50%,147,125957774.0,856855.6054421769,753167.0,319253.08400723536,1493351.0,0.0,0.3725867952307858,1.7428269016567408,708490.5,1258940.8333333333,550450.3333333333,77.69339650049412,Palmers / Distribution,PALMERS/DISTRIBUTION,-37.815976,144.750164,yellow,64.00171932086826,0.186743,"https://www.google.com/maps/search/?api=1&query=-37.815976,144.750164",64.79613282891972,11.199484092863287,88.80051590713671,91.16248919619706,88.73844831291639,Rising Growth Corridor,#2e7d32,56.670241918361086,84.69892113907838,62.95073181689645
821,5014,189962800,147,2014-01,2026-04,1292263.95,2008476,2021-11,2008476,0.035242,217108746822,40.278368,Top 25%,147,189962800.0,1292263.9455782312,1144843.0,394616.4682209316,2008476.0,366849.0,0.3053683185785688,1.5542304703868337,1036076.0833333334,1748440.25,712364.1666666666,68.75597054366904,Corio-Waurn Ponds / Victoria,CORIO-WAURN PONDS / VICTORIA,-38.123161,144.352801,orange,82.37696110036535,0.281636,"https://www.google.com/maps/search/?api=1&query=-38.123161,144.352801",82.76586801176965,17.75580395528805,82.24419604471194,90.08210890233363,82.01160541586073,Rising Growth Corridor,#2e7d32,67.97660017576206,84.66501570108231,71.14885258352747
1760,1198,121876029,147,2014-01,2026-04,829088.63,1380265,2025-10,1380265,0.022611,359544945490,66.703364,Top 50%,147,121876029.0,829088.6326530612,767413.0,304364.40952300705,1380265.0,155102.0,0.3671072036641597,1.6647978824449556,563204.6666666666,1196206.75,633002.0833333334,112.39290453322477,Thompsons / William Thwaites Bvd,THOMPSONS/WILLIAM THWAITES BVD,-38.087274,145.316297,yellow,62.196432409198366,0.180691,"https://www.google.com/maps/search/?api=1&query=-38.087274,145.316297",63.0306851618327,11.521926053310406,88.47807394668959,93.75540190146931,86.24543305394369,Rising Growth Corridor,#2e7d32,56.29843873262946,84.63689844224024,62.69098500578409
1096,4023,164563194,147,2014-01,2026-04,1119477.51,2342664,2026-01,2342664,0.03053,265657168757,49.285151,Top 25%,147,164563194.0,1119477.5102040817,1068083.0,338701.5237500126,2342664.0,171229.0,0.30255321849946504,2.092640520820227,865105.5833333334,1350114.5833333333,485008.9999999999,56.06356141307221,Nicholson / Arthurton / Blyth,NICHOLSON/ARTHURTON/BLYTH,-37.767347,144.980231,yellow,76.46679561573178,0.243978,"https://www.google.com/maps/search/?api=1&query=-37.767347,144.980231",76.98612862547289,18.099742046431643,81.90025795356836,88.26707000864305,93.89641091768752,Rising Growth Corridor,#2e7d32,64.52072025734661,84.62689864908955,68.20215898551298
1774,5051,120951537,147,2014-01,2026-04,822799.57,1153723,2026-01,1153723,0.022439,361245921548,67.018932,Top 50%,147,120951537.0,822799.5714285715,954029.0,330642.933590019,1153723.0,3857.0,0.4018511251968033,1.4021920283658735,13984.5,1009652.25,995667.75,7119.795130322857,Geelong-Portarlington / Ryrie / Boundary,GEELONG-PORTARLINGTON/RYRIE/BOUNDARY,-38.156845,144.386759,yellow,61.89555125725339,0.179321,"https://www.google.com/maps/search/?api=1&query=-38.156845,144.386759",62.73644388398487,9.393809114359419,90.60619088564059,99.09248055315472,70.77154523963036,Rising Growth Corridor,#2e7d32,56.67199252541248,84.60293153866213,63.5195863141421
3067,510,69839204,140,2014-01,2026-04,498851.46,1147302,2025-12,1147302,0.012957,484068118050,89.805106,Bottom 50%,140,69839204.0,498851.45714285714,329571.0,363956.48566806316,1147302.0,4.0,0.7295888995746407,2.2998870376586766,315956.0833333333,1018228.8333333334,702272.75,222.2691022723886,NEPEAN Highway / AVONDALE AVE / STATION ST / THAMES PROMENADE,NEPEAN HWY/AVONDALE AVE/STATION ST/THAMES PROMENADE,-38.050609,145.11562,green,34.107027724049,0.103542,"https://www.google.com/maps/search/?api=1&query=-38.050609,145.11562",35.56116015132408,2.6870163370593336,97.31298366294067,96.58599827139153,95.22888459058672,Event / Disruption Sensitive Site,#f57c00,39.54759182177139,84.43190848229952,50.45407253922711
2059,2994,109566380,147,2014-01,2026-04,745349.52,1226135,2025-10,1226135,0.020327,394096920463,73.113503,Top 50%,147,109566380.0,745349.5238095238,725531.0,283116.82867991395,1226135.0,47212.0,0.3798443812412836,1.6450470025568062,357136.5833333333,1066513.8333333333,709377.25,198.6291192515282,Western Freeway Westbound Ramps / Ferris R,WESTERN FREEWAY WESTBOUND RAMPS/FERRIS R,-37.697317,144.603518,yellow,55.77047066408769,0.162441,"https://www.google.com/maps/search/?api=1&query=-37.697317,144.603518",56.746532156368225,10.619088564058465,89.38091143594153,96.36992221261885,85.66516226090695,Event / Disruption Sensitive Site,#f57c00,53.139349269540915,84.39337643677487,60.34087834109239
3227,1167,63239888,139,2014-01,2026-04,454963.22,920022,2025-10,920022,0.011732,494697206540,91.777031,Bottom 50%,139,63239888.0,454963.22302158276,600806.0,333450.9790830796,920022.0,0.0,0.7329185354115122,2.022189824245103,5542.25,772431.75,766889.5,13837.15097658893,BOLTON ST near WITHERS ST,BOLTON ST NR WITHERS ST,-37.723283,145.136482,green,30.66838598753493,0.093758,"https://www.google.com/maps/search/?api=1&query=-37.723283,145.136482",32.19840269020597,2.665520206362859,97.33447979363714,99.43820224719101,93.27315710294434,Event / Disruption Sensitive Site,#f57c00,38.2631419806422,84.32918270541313,49.51019767034903
1122,4895,162602652,147,2014-01,2026-04,1106140.49,1748966,2019-12,1748966,0.030166,269908067041,50.073784,Top 25%,147,162602652.0,1106140.4897959183,1083138.0,346675.78752639506,1748966.0,19764.0,0.3134102681571274,1.581142735605567,761334.1666666666,1350326.8333333333,588992.6666666666,77.36322530294953,Queens Bridge / Crown Porte Cochere Exit,QUEENS BRIDGE/CROWN PORTE COCHERE EXIT,-37.820982,144.961392,yellow,75.90801633354825,0.241072,"https://www.google.com/maps/search/?api=1&query=-37.820982,144.961392",76.4396805380412,16.917454858125534,83.08254514187446,91.1408815903198,83.21513002364065,Rising Growth Corridor,#2e7d32,64.499364328518,84.19136088790633,68.47190530308877
553,3637,218747772,147,2014-01,2026-04,1488080.08,2290923,2025-10,2290923,0.040582,162562401937,30.158842,Top 25%,147,218747772.0,1488080.081632653,1380514.0,418880.7362431086,2290923.0,96985.0,0.28149072177858325,1.539515936189741,1259100.0,2009127.5,750027.5,59.56854102136446,South / East Boundary,SOUTH/EAST BOUNDARY,-37.935757,145.056181,orange,88.13668600902643,0.324312,"https://www.google.com/maps/search/?api=1&query=-37.935757,145.056181",88.39848675914249,21.044711951848672,78.95528804815133,88.89369057908384,81.15194498173221,High-Volume Volatile Corridor,#d32f2f,71.6590838213073,84.15494708966645,73.61029275502332
2333,3176,98569778,147,2014-01,2026-04,670542.71,2362789,2026-03,2362789,0.018287,422628575177,78.406742,Top 50%,147,98569778.0,670542.7074829933,568192.0,253092.02727607844,2362789.0,285610.0,0.3774435609420113,3.523696512738417,483495.75,977231.6666666666,493735.9166666666,102.11794347037522,Pound / Seebeck,POUND/SEEBECK,-38.050053,145.298209,green,49.881796690307326,0.146138,"https://www.google.com/maps/search/?api=1&query=-38.050053,145.298209",50.987810004203446,10.791057609630261,89.20894239036974,93.19360414866033,97.74339136041263,Event / Disruption Sensitive Site,#f57c00,49.37978073445153,84.0402817861301,57.12278821210513
2656,5318,85112374,147,2014-01,2026-04,578995.74,1094050,2025-03,1094050,0.01579,452269211344,83.905721,Bottom 50%,147,85112374.0,578995.7414965987,480345.0,266557.77612671076,1094050.0,0.0,0.4603795106294001,1.8895648475273406,302106.25,923767.5833333334,621661.3333333334,205.77572735861418,Palmers / Ashcroft,PALMERS/ASHCROFT,-37.862188,144.747931,green,42.94003868471953,0.126186,"https://www.google.com/maps/search/?api=1&query=-37.862188,144.747931",44.19924337957124,7.115219260533101,92.8847807394669,96.43474503025064,91.68278529980658,Event / Disruption Sensitive Site,#f57c00,45.37533767994759,84.03236323877384,54.53236948988385
2139,4484,106271535,147,2014-01,2026-04,722935.61,1930743,2025-08,1930743,0.019716,402722776379,74.713785,Top 50%,147,106271535.0,722935.612244898,694360.0,248672.74311849024,1930743.0,187019.0,0.3439763360754887,2.670698423618328,552794.75,1253026.6666666667,700231.9166666667,126.67123135063542,Macaulay / Streetubbs,MACAULAY/STUBBS,-37.794975,144.93486,yellow,54.051149795830646,0.157556,"https://www.google.com/maps/search/?api=1&query=-37.794975,144.93486",55.065153425809164,13.843508168529661,86.15649183147033,94.46845289541919,96.64732430689878,Event / Disruption Sensitive Site,#f57c00,52.640402005411296,84.00543734083702,59.36518502912444
462,398,231642612,147,2014-01,2026-04,1575800.08,2670744,2024-03,2670744,0.042975,142055586752,26.354384,Top 10%,147,231642612.0,1575800.081632653,1468489.0,420052.9277176359,2670744.0,448799.0,0.2665648597266399,1.6948495124031844,1410181.0,2095491.0,685310.0,48.59730772149107,STH GIPPS'D Highway / HUON PARK / WENTWORTH,STH GIPPS'D HWY/HUON PARK/WENTWORTH,-38.074115,145.271348,orange,90.0924134966688,0.343429,"https://www.google.com/maps/search/?api=1&query=-38.074115,145.271348",90.31105506515343,23.43078245915735,76.56921754084264,86.73292999135695,87.25553406404471,High-Volume Volatile Corridor,#d32f2f,72.87536189889511,83.9696462593394,74.1580999005483
3015,4107,71882059,145,2014-03,2026-04,495738.34,861904,2021-03,861904,0.013336,480380372300,89.120949,Bottom 50%,145,71882059.0,495738.3379310345,692371.0,327589.8647870497,861904.0,2246.0,0.6608120448264039,1.7386268804570553,24397.833333333332,684506.5833333334,660108.75,2705.6039812278414,Yan Yean / Ironbark,YAN YEAN/IRONBARK,-37.639442,145.132265,green,35.22458628841608,0.106571,"https://www.google.com/maps/search/?api=1&query=-37.639442,145.132265",36.65405632618747,3.4608770421324153,96.53912295786759,98.53068280034573,88.58800773694391,Event / Disruption Sensitive Site,#f57c00,40.73108680000536,83.96691030113645,51.373505758960135
