column,file_count,tags
month_label,29,month/season
month_start,27,date/time
volume,27,metric
completed_at_epoch,26,processing/runtime
month_elapsed_seconds,26,processing/runtime
next_month_start,26,date/time
site_id,26,site
site_name,25,site
total_volume,20,metric
latitude,17,spatial
longitude,17,spatial
rank,15,
scaled_volume,14,metric
scaled_volume_0_100,14,metric
scats_site,14,site
date_label,13,date/time
intensity_band,13,
timestamp,13,date/time
hour,12,time-bin
minute,12,time-bin
row_type,12,
time_label,12,
day_name,10,day-of-week
sites,9,site
animation_timestamp,8,date/time
avg_daily_volume,8,metric
percentile_band,8,
time_bin,8,time-bin
avg_monthly_volume,7,metric
best_month,7,
best_month_volume,7,metric
comparison_period,7,
comparison_sequence,7,
cumulative_percent,7,spatial
cumulative_volume,7,metric | spatial
first_month,7,
last_month,7,
max_monthly_volume,7,metric
month_site_volume,7,site | metric
months_present,7,
percent_of_network,7,
day_total_volume,6,metric
days_loaded,6,
description,6,
filename,6,
month_total_volume,6,metric
year,6,year
absolute_growth,5,
count_date,5,date/time | metric
growth_pct,5,metric
month,5,
month_name,5,month/season
name,5,
cost,4,
first_avg,4,metric
iso_dow,4,day-of-week
last_avg,4,metric
month_of_year,4,month/season | year
month_time_bin_volume,4,time-bin | metric
file,3,
lat,3,spatial
lng,3,spatial
lookup_source,3,
month_total_cleaned_volume,3,metric
profit,3,
revenue,3,
site_share_percent,3,site | metric
Latitude,2,spatial
Longitude,2,spatial
Name,2,
SCATS Site,2,site
active_sites,2,site
avg_site_volume,2,site | metric
avg_volume,2,metric
columns,2,
cpm,2,
cv,2,
days_in_month_loaded,2,
efficiency_ratio,2,
error,2,
has_day_column,2,
has_time_column,2,
has_volume_column,2,metric
lifecycle_type,2,
mean_volume,2,metric
metric,2,
metric_name,2,
month_avg_daily_time_bin_volume,2,time-bin | metric
month_distinct_dates,2,date/time
month_weekday_days,2,day-of-week
month_weekday_volume,2,day-of-week | metric
month_weekend_days,2,day-of-week
month_weekend_volume,2,day-of-week | metric
ooh_advertising_context,2,
ooh_annual_avg_movements,2,metric
ooh_daily_avg_movements,2,metric
ooh_dataset_period,2,
ooh_peak_hour_estimate,2,time-bin
ooh_total_12yr_movements,2,metric
parcel_objectid,2,parcel/property
parcel_parcel_accessory_lot,2,parcel/property
parcel_parcel_allotment,2,parcel/property
parcel_parcel_block,2,parcel/property
parcel_parcel_crefno,2,parcel/property
parcel_parcel_crown_status,2,parcel/property
parcel_parcel_desc_type,2,parcel/property
parcel_parcel_further_description,2,parcel/property
parcel_parcel_id,2,parcel/property
parcel_parcel_lga_code,2,parcel/property
parcel_parcel_lot_number,2,parcel/property
parcel_parcel_multi,2,parcel/property
parcel_parcel_p_number,2,parcel/property
parcel_parcel_parish_code,2,parcel/property
parcel_parcel_part,2,parcel/property
parcel_parcel_pfi,2,parcel/property
parcel_parcel_pfi_created,2,parcel/property
parcel_parcel_plan_number,2,parcel/property
parcel_parcel_portion,2,parcel/property
parcel_parcel_reg_date,2,date/time | parcel/property
parcel_parcel_road,2,parcel/property
parcel_parcel_sec,2,parcel/property
parcel_parcel_spi,2,parcel/property
parcel_parcel_spi_code,2,parcel/property
parcel_parcel_status,2,parcel/property
parcel_parcel_subdivision,2,parcel/property
parcel_parcel_task_id,2,parcel/property
parcel_parcel_township_code,2,parcel/property
parcel_parcel_ufi,2,parcel/property
parcel_parcel_ufi_created,2,parcel/property
parcel_parcel_ufi_old,2,parcel/property
parcel_parv_centroid_pfi,2,parcel/property
parcel_parv_horiz_pos_uncertainty,2,parcel/property
parcel_parv_pfi,2,parcel/property
parcel_parv_pfi_created,2,parcel/property
parcel_parv_status,2,parcel/property
parcel_parv_task_id,2,parcel/property
parcel_parv_ufi,2,parcel/property
parcel_parv_ufi_created,2,parcel/property
parcel_parv_ufi_old,2,parcel/property
parcel_parv_z_level,2,parcel/property
parcel_shape__area,2,parcel/property
parcel_shape__length,2,parcel/property
prop_objectid,2,parcel/property
prop_prop_lga_code,2,parcel/property
prop_prop_multi_assessment,2,parcel/property
prop_prop_pfi,2,parcel/property
prop_prop_pfi_created,2,parcel/property
prop_prop_property_type,2,parcel/property
prop_prop_propnum,2,parcel/property
prop_prop_status,2,parcel/property
prop_prop_task_id,2,parcel/property
prop_prop_ufi,2,parcel/property
prop_prop_ufi_created,2,parcel/property
prop_prop_ufi_old,2,parcel/property
prop_propv_base_pfi,2,parcel/property
prop_propv_centroid_pfi,2,parcel/property
prop_propv_graphic_type,2,parcel/property
prop_propv_pfi,2,parcel/property
prop_propv_pfi_created,2,parcel/property
prop_propv_task_id,2,parcel/property
prop_propv_ufi,2,parcel/property
prop_propv_ufi_created,2,parcel/property
prop_propv_ufi_old,2,parcel/property
prop_propv_z_level,2,parcel/property
prop_shape__area,2,parcel/property
prop_shape__length,2,parcel/property
roi_percent,2,
rows_estimate,2,
share_percent,2,metric
site,2,site
site_rows,2,site
site_share,2,site | metric
sites_needed,2,site
traffic_share,2,metric
traffic_share_percent,2,metric
usefulness_score_0_to_3,2,
value,2,
$12,1,
$16,1,
$2,1,
$4,1,
$8,1,
Friday,1,
Friday_vs_Monday_pct,1,metric
Friday_vs_Sunday_pct,1,metric
LATITUDE,1,spatial
LONGITUDE,1,spatial
MUNICIPALITY,1,
Monday,1,
Monday_vs_weekday_avg_pct,1,day-of-week | metric
SITE_NAME,1,site
SITE_NO,1,site
Saturday,1,
Sunday,1,
TYPE,1,
Thursday,1,
Tuesday,1,
Unnamed: 0,1,
Wednesday,1,
animation_theme,1,
avg_cv,1,metric
avg_incremental_share_per_site,1,site | metric
avg_mean_volume,1,metric
avg_monthly_growth,1,metric
avg_volume_per_site,1,site | metric
break_even_cpm,1,
busy_rank,1,
captured_share_percent,1,metric
captured_volume,1,metric
coefficient_of_variation,1,
commercial_value_score,1,
comparison_latitude,1,spatial
comparison_longitude,1,spatial
coordinate_source,1,spatial
cum_share,1,metric
cum_volume,1,metric
daily_avg,1,metric
date_range_end,1,date/time
date_range_start,1,date/time
distinct_dates,1,date/time
distinct_sites,1,site
friendly_name,1,
generated_at_epoch,1,
google_maps_url,1,
google_street_view_url,1,
group,1,
growth_score,1,
has_coordinates,1,spatial
incremental_share_percent,1,metric
incremental_sites,1,site
incremental_volume,1,metric
is_complete,1,
is_known_data_gap,1,
is_zero_volume,1,metric
lookup_lat,1,spatial
lookup_lng,1,spatial
lookup_name,1,
lot,1,parcel/property
mean_site_volume,1,site | metric
metric_value,1,
minutes,1,time-bin
mom_pct,1,metric
momentum_3m,1,
month_am_share_pct,1,metric
month_am_volume,1,metric
month_num,1,
month_pm_share_pct,1,metric
month_pm_volume,1,metric
months_completed,1,processing/runtime
months_or_batches,1,
months_total,1,metric
municipality,1,
network_cv,1,
ooh_exposure_summary,1,
opportunity_tier,1,
peak_hour_estimate,1,time-bin
peak_period,1,
percentile_rank,1,
period,1,
period_colour,1,
pfi,1,parcel/property
plan,1,parcel/property
portfolio_size,1,
reveal_rank,1,
revenue_per_site,1,site
rolling_median_12m,1,
rolling_std_12m,1,
seasonal_band,1,
shock_type,1,
signal_type,1,
site_name_from_volume_csv,1,site | metric
site_pct,1,site | metric
site_rank,1,site
site_total_volume,1,site | metric
source,1,
source_top20_csv,1,
spi,1,parcel/property
stability_score,1,
std_site_volume,1,site | metric
std_volume,1,metric
tier,1,
total,1,metric
total_12yr,1,metric
total_cleaned_volume,1,metric
total_elapsed_hours,1,time-bin | metric | processing/runtime
total_elapsed_seconds,1,metric | processing/runtime
total_hours,1,time-bin | metric | processing/runtime
traffic_band,1,
traffic_heat,1,
traffic_pct,1,metric
traffic_threshold,1,
traffic_tier,1,
traffic_volume,1,metric
utilisation,1,
vicplan_url,1,parcel/property
volume_for_chart,1,metric
volume_ratio,1,metric
volume_score,1,metric
weekday,1,day-of-week
weekday_num,1,day-of-week
yoy_pct_change,1,metric
z_score,1,
zero_row_months,1,
